,Open,High,Low,Close,Volume,Timestamp
0,6514.06,6540.21,6257.52,6281.2,3910780000.0,1537167600
1,6280.91,6384.18,6265.71,6371.3,4180090000.0,1537254000
2,6371.85,6448.46,6208.34,6398.54,4431340000.0,1537340400
3,6398.85,6529.26,6395.95,6519.67,4348110000.0,1537426800
4,6513.87,6794.33,6496.36,6734.95,6531940000.0,1537513200
5,6735.05,6814.56,6616.8,6721.98,4509660000.0,1537599600
6,6715.32,6766.15,6679.42,6710.63,4197500000.0,1537686000
7,6704.77,6713.56,6580.9,6595.41,4177310000.0,1537772400
8,6603.64,6603.64,6381.86,6446.47,4726180000.0,1537858800
9,6452.79,6585.91,6397.89,6495.0,4437300000.0,1537945200
10,6495.29,6712.1,6464.95,6676.75,4606810000.0,1538031600
11,6678.75,6785.03,6598.32,6644.13,5014430000.0,1538118000
12,6643.1,6643.1,6511.65,6601.96,4363690000.0,1538204400
13,6604.71,6643.78,6566.54,6625.56,4002280000.0,1538290800
14,6619.85,6653.3,6549.08,6589.62,4000970000.0,1538377200
15,6593.24,6611.84,6537.9,6556.1,3979260000.0,1538463600
16,6553.86,6571.46,6454.03,6502.59,3887310000.0,1538550000
17,6497.91,6603.31,6497.91,6576.69,3838410000.0,1538636400
18,6574.15,6623.62,6557.41,6622.48,3671500000.0,1538722800
19,6622.45,6628.54,6577.8,6588.31,3259740000.0,1538809200
20,6590.68,6641.49,6557.04,6602.95,3306630000.0,1538895600
21,6600.19,6675.06,6576.04,6652.23,3979460000.0,1538982000
22,6653.08,6661.41,6606.94,6642.64,3580810000.0,1539068400
23,6640.29,6640.29,6538.96,6585.53,3787650000.0,1539154800
24,6586.74,6586.74,6243.74,6256.24,5181640000.0,1539241200
25,6239.25,6328.5,6236.47,6274.58,3783500000.0,1539327600
26,6278.08,6308.51,6259.81,6285.99,3064030000.0,1539414000
27,6288.49,6363.21,6280.15,6290.93,3085320000.0,1539500400
28,6292.64,6965.06,6258.68,6596.54,7370770000.0,1539586800
29,6601.41,6673.59,6571.37,6596.11,4074800000.0,1539673200
30,6590.52,6601.21,6517.45,6544.43,4088420000.0,1539759600
31,6542.33,6567.54,6450.04,6476.71,3924080000.0,1539846000
32,6478.07,6493.68,6445.31,6465.41,3578870000.0,1539932400
33,6460.92,6497.72,6449.0,6489.19,3379130000.0,1540018800
34,6490.09,6556.38,6476.0,6482.35,3253610000.0,1540105200
35,6486.05,6543.8,6462.98,6487.16,3672860000.0,1540191600
36,6472.36,6506.01,6451.27,6475.74,3716150000.0,1540278000
37,6478.89,6521.99,6468.86,6495.84,3424670000.0,1540364400
38,6484.65,6504.65,6447.03,6476.29,3230550000.0,1540450800
39,6468.44,6498.29,6449.61,6474.75,3306050000.0,1540537200
40,6480.84,6507.41,6453.53,6480.38,3393250000.0,1540623600
41,6482.66,6502.28,6447.91,6486.39,3445190000.0,1540710000
42,6492.35,6503.6,6306.99,6332.63,4199910000.0,1540796400
43,6337.04,6364.99,6310.14,6334.27,3781100000.0,1540882800
44,6336.99,6349.16,6316.88,6317.61,4191240000.0,1540969200
45,6318.14,6547.14,6311.83,6377.78,3789400000.0,1541055600
46,6378.92,6396.86,6327.38,6388.44,4234870000.0,1541142000
47,6387.24,6400.07,6342.37,6361.26,3658640000.0,1541228400
48,6365.47,6388.63,6294.57,6376.13,4390020000.0,1541314800
49,6363.62,6480.59,6363.62,6419.66,4174800000.0,1541401200
50,6433.38,6463.55,6408.16,6461.01,4700040000.0,1541487600
51,6468.5,6552.16,6468.31,6530.14,4941260000.0,1541574000
52,6522.27,6536.92,6438.53,6453.72,4665260000.0,1541660400
53,6442.6,6456.46,6373.37,6385.62,4346820000.0,1541746800
54,6386.13,6437.28,6385.31,6409.22,3705320000.0,1541833200
55,6413.63,6423.25,6350.17,6411.27,3939060000.0,1541919600
56,6411.76,6434.21,6360.47,6371.27,4295770000.0,1542006000
57,6373.19,6395.27,6342.67,6359.49,4503800000.0,1542092400
58,6351.24,6371.55,5544.09,5738.35,7398940000.0,1542178800
59,5736.15,5774.82,5358.38,5648.03,7032140000.0,1542265200
60,5645.32,5657.02,5498.94,5575.55,5279320000.0,1542351600
61,5578.58,5578.58,5519.56,5554.33,4303150000.0,1542438000
62,5559.74,5653.61,5559.74,5623.54,4159680000.0,1542524400
63,5620.78,5620.78,4842.91,4871.49,7039560000.0,1542610800
64,4863.93,4951.61,4272.11,4451.87,8428290000.0,1542697200
65,4465.54,4675.73,4343.98,4602.17,6120120000.0,1542783600
66,4611.57,4629.64,4365.64,4365.94,4569370000.0,1542870000
67,4360.7,4396.42,4195.68,4347.11,4871490000.0,1542956400
68,4347.69,4413.09,3795.16,3880.76,4679500000.0,1543042800
69,3880.78,4120.87,3585.06,4009.97,6825640000.0,1543129200
70,4015.07,4107.14,3643.92,3779.13,6476900000.0,1543215600
71,3765.95,3862.96,3661.01,3820.72,5998720000.0,1543302000
72,3822.47,4385.9,3822.47,4257.42,7280280000.0,1543388400
73,4269.0,4413.02,4145.77,4278.85,6503347767.0,1543474800
74,4289.09,4322.98,3942.82,4017.27,6048016717.0,1543561200
75,4024.46,4309.38,3969.71,4214.67,5375314093.0,1543647600
76,4200.73,4301.52,4110.98,4139.88,5262697895.0,1543734000
77,4147.32,4155.98,3840.45,3894.13,5089570994.0,1543820400
78,3886.29,4075.63,3832.75,3956.89,5028069239.0,1543906800
79,3958.89,3969.54,3753.99,3753.99,5302481574.0,1543993200
80,3754.07,3874.97,3521.1,3521.1,5878333109.0,1544079600
81,3512.59,3512.59,3280.23,3419.94,6835615448.0,1544166000
82,3421.91,3506.04,3350.65,3476.11,5305024497.0,1544252400
83,3473.23,3685.31,3469.09,3614.23,4947372847.0,1544338800
84,3612.05,3647.33,3470.14,3502.66,5020968740.0,1544425200
85,3497.55,3513.19,3392.25,3424.59,4696765188.0,1544511600
86,3421.46,3534.23,3413.48,3486.95,4139364829.0,1544598000
87,3487.88,3489.74,3298.13,3313.68,4343372456.0,1544684400
88,3311.75,3329.56,3206.54,3242.48,4372763663.0,1544770800
89,3244.0,3275.38,3191.3,3236.76,3551763561.0,1544857200
90,3236.27,3305.75,3233.82,3252.84,3744248994.0,1544943600
91,3253.12,3597.92,3253.12,3545.86,5409247918.0,1545030000
92,3544.76,3701.35,3487.17,3696.06,5911325473.0,1545116400
93,3706.82,3949.32,3687.23,3745.95,6810689119.0,1545202800
94,3742.2,4191.23,3728.97,4134.44,8927129279.0,1545289200
95,4133.7,4198.43,3850.95,3896.54,7206015706.0,1545375600
96,3898.08,4014.18,3855.74,4014.18,5605823233.0,1545462000
97,4020.99,4085.72,3976.41,3998.98,6151275490.0,1545548400
98,4000.33,4271.79,4000.33,4078.6,7240968501.0,1545634800
99,4081.03,4089.56,3760.02,3815.49,6158207293.0,1545721200
100,3819.67,3893.36,3769.86,3857.3,5326547918.0,1545807600
101,3854.69,3874.42,3645.45,3654.83,5130222366.0,1545894000
102,3653.13,3956.14,3642.63,3923.92,5631554348.0,1545980400
103,3932.49,3963.76,3820.41,3820.41,4991655917.0,1546066800
104,3822.38,3901.91,3797.22,3865.95,4770578575.0,1546153200
105,3866.84,3868.74,3725.87,3742.7,4661840806.0,1546239600
106,3746.71,3850.91,3707.23,3843.52,4324200990.0,1546326000
107,3849.22,3947.98,3817.41,3943.41,5244856836.0,1546412400
108,3931.05,3935.69,3826.22,3836.74,4530215219.0,1546498800
109,3832.04,3865.93,3783.85,3857.72,4847965467.0,1546585200
110,3851.97,3904.9,3836.9,3845.19,5137609824.0,1546671600
111,3836.52,4093.3,3826.51,4076.63,5597027440.0,1546758000
112,4078.58,4092.61,4020.89,4025.25,5228625637.0,1546844400
113,4028.47,4109.02,3996.96,4030.85,5306593305.0,1546930800
114,4031.55,4068.4,4022.66,4035.3,5115905225.0,1547017200
115,4034.41,4064.07,3659.17,3678.92,6874143796.0,1547103600
116,3674.02,3713.88,3653.07,3687.37,5538712865.0,1547190000
117,3686.97,3698.98,3653.81,3661.3,4778170883.0,1547276400
118,3658.87,3674.76,3544.93,3552.95,4681302466.0,1547362800
119,3557.31,3727.84,3552.29,3706.05,5651384490.0,1547449200
120,3704.22,3720.15,3619.95,3630.68,5537192302.0,1547535600
121,3631.51,3685.78,3624.67,3655.01,5394457145.0,1547622000
122,3651.87,3680.14,3621.96,3678.56,5464420383.0,1547708400
123,3677.99,3682.52,3637.08,3657.84,5002961727.0,1547794800
124,3652.38,3758.53,3652.38,3728.57,5955691380.0,1547881200
125,3725.45,3743.39,3583.02,3601.01,5582489560.0,1547967600
126,3600.37,3608.84,3558.54,3576.03,5004347059.0,1548054000
127,3575.08,3620.75,3539.72,3604.58,5313623556.0,1548140400
128,3605.56,3623.07,3565.31,3585.12,5433755649.0,1548226800
129,3584.5,3616.09,3569.09,3600.87,5262869046.0,1548313200
130,3607.39,3612.93,3575.6,3599.77,5265847539.0,1548399600
131,3599.72,3654.93,3593.35,3602.46,5098183235.0,1548486000
132,3604.69,3612.67,3567.25,3583.97,5570752966.0,1548572400
133,3584.28,3586.75,3439.23,3470.45,6908930483.0,1548658800
134,3468.87,3476.07,3400.82,3448.12,5897159493.0,1548745200
135,3443.9,3495.17,3429.39,3486.18,5955112627.0,1548831600
136,3485.41,3504.8,3447.92,3457.79,5831198271.0,1548918000
137,3460.55,3501.95,3431.59,3487.95,5422926707.0,1549004400
138,3484.63,3523.29,3467.57,3521.06,5071623601.0,1549090800
139,3516.14,3521.39,3447.92,3464.01,5043937584.0,1549177200
140,3467.21,3476.22,3442.59,3459.15,5332718886.0,1549263600
141,3454.95,3478.15,3451.94,3466.36,5227549545.0,1549350000
142,3469.09,3469.09,3398.57,3413.77,5482196038.0,1549436400
143,3414.93,3427.95,3394.22,3399.47,5004962683.0,1549522800
144,3401.38,3695.61,3391.02,3666.78,7735623101.0,1549609200
145,3671.59,3679.94,3646.56,3671.2,6158833645.0,1549695600
146,3673.2,3695.04,3640.98,3690.19,6282256903.0,1549782000
147,3695.61,3695.61,3642.29,3648.43,6277056434.0,1549868400
148,3642.75,3668.59,3618.56,3653.53,6480384532.0,1549954800
149,3653.6,3669.75,3617.25,3632.07,6438903823.0,1550041200
150,3631.17,3646.26,3607.7,3616.88,6271044418.0,1550127600
151,3617.37,3647.8,3608.21,3620.81,6091952231.0,1550214000
152,3615.27,3652.84,3615.27,3629.79,5934744052.0,1550300400
153,3633.36,3680.54,3619.18,3673.84,7039512503.0,1550386800
154,3671.37,3936.67,3669.98,3915.71,9908216640.0,1550473200
155,3911.66,4010.88,3908.15,3947.09,9933626655.0,1550559600
156,3946.69,4000.49,3926.25,3999.82,8693373948.0,1550646000
157,4000.26,4010.01,3940.11,3954.12,7775128102.0,1550732400
158,3952.41,4006.54,3950.82,4005.53,7826525254.0,1550818800
159,3998.92,4166.29,3968.73,4142.53,8922258316.0,1550905200
160,4145.46,4210.64,3793.71,3810.43,10794227451.0,1550991600
161,3807.0,3913.71,3807.0,3882.7,9318796067.0,1551078000
162,3878.7,3891.58,3837.99,3854.36,7931218996.0,1551164400
163,3857.48,3888.8,3787.06,3851.05,8301309684.0,1551250800
164,3848.26,3906.06,3845.82,3854.79,8399767798.0,1551337200
165,3853.76,3907.8,3851.69,3859.58,7661247975.0,1551423600
166,3855.32,3874.61,3832.13,3864.42,7578786076.0,1551510000
167,3862.27,3875.48,3836.91,3847.18,7253558152.0,1551596400
168,3845.09,3867.38,3733.75,3761.56,9029175788.0,1551682800
169,3759.83,3903.92,3745.18,3896.38,10174126415.0,1551769200
170,3897.08,3919.51,3871.46,3903.94,9175291529.0,1551855600
171,3903.38,3939.37,3894.11,3911.48,9584165519.0,1551942000
172,3913.23,3950.43,3875.23,3901.13,10638638944.0,1552028400
173,3894.55,3987.24,3892.39,3963.31,10796103518.0,1552114800
174,3966.17,3966.17,3924.38,3951.6,9713267607.0,1552201200
175,3953.74,3966.38,3889.24,3905.23,10125901903.0,1552287600
176,3903.76,3926.89,3863.56,3909.16,9809887079.0,1552374000
177,3913.05,3926.6,3891.9,3906.72,9469184841.0,1552460400
178,3905.58,3946.5,3901.3,3924.37,10480789570.0,1552546800
179,3926.66,3968.54,3914.02,3960.91,9394210605.0,1552633200
180,3963.9,4077.04,3961.66,4048.73,9856166973.0,1552719600
181,4047.72,4054.12,4006.41,4025.23,8221625400.0,1552806000
182,4029.97,4071.56,4009.12,4032.51,9646954186.0,1552892400
183,4032.69,4082.22,4023.81,4071.19,9344919956.0,1552978800
184,4070.79,4089.46,4031.11,4087.48,10175916388.0,1553065200
185,4083.95,4097.36,4005.15,4029.33,10831212662.0,1553151600
186,4028.51,4053.91,4021.54,4023.97,9252935969.0,1553238000
187,4022.71,4049.88,4015.96,4035.83,9578850549.0,1553324400
188,4035.16,4040.7,4006.19,4022.17,9144851065.0,1553410800
189,4024.11,4038.84,3934.03,3963.07,10359818883.0,1553497200
190,3969.23,3985.08,3944.75,3985.08,10707678815.0,1553583600
191,3984.24,4087.07,3977.81,4087.07,10897131934.0,1553670000
192,4087.58,4094.9,4040.27,4069.11,9353915899.0,1553756400
193,4068.3,4113.5,4034.1,4098.37,10918665557.0,1553842800
194,4092.14,4296.81,4053.91,4106.66,9732688060.0,1553929200
195,4105.46,4113.02,4094.1,4105.4,9045122443.0,1554015600
196,4105.36,4164.95,4096.9,4158.18,10157794171.0,1554102000
197,4156.92,4905.95,4155.32,4879.88,21315047816.0,1554188400
198,4879.96,5307.0,4876.62,4973.02,22899891582.0,1554274800
199,4971.31,5063.16,4836.79,4922.8,18251810240.0,1554361200
200,4922.81,5053.51,4919.49,5036.68,16837325387.0,1554447600
201,5036.79,5205.82,4992.22,5059.82,16929795194.0,1554534000
202,5062.79,5235.19,5050.41,5198.9,16655416140.0,1554620400
203,5199.84,5318.84,5148.21,5289.77,17154113634.0,1554706800
204,5289.92,5289.92,5167.42,5204.96,14722104361.0,1554793200
205,5204.11,5421.65,5193.38,5324.55,15504590933.0,1554879600
206,5325.08,5354.23,5017.3,5064.49,16555616019.0,1554966000
207,5061.2,5103.27,4955.85,5089.54,13675206312.0,1555052400
208,5088.85,5127.12,5061.59,5096.59,10823289598.0,1555138800
209,5095.76,5184.02,5053.57,5167.72,10391952498.0,1555225200
210,5167.32,5196.61,5024.07,5067.11,12290155061.0,1555311600
211,5066.58,5238.95,5055.19,5235.56,11618660197.0,1555398000
212,5236.14,5274.28,5219.21,5251.94,12438480677.0,1555484400
213,5251.48,5319.99,5250.51,5298.39,13256489918.0,1555570800
214,5298.15,5336.68,5233.33,5303.81,13780238655.0,1555657200
215,5304.16,5358.49,5295.88,5337.89,13169647522.0,1555743600
216,5335.88,5359.92,5257.34,5314.53,13731844223.0,1555830000
217,5312.49,5422.69,5280.28,5399.37,14601631648.0,1555916400
218,5399.37,5633.8,5389.41,5572.36,15867308108.0,1556002800
219,5571.51,5642.04,5418.26,5464.87,17048033399.0,1556089200
220,5466.52,5542.24,5181.34,5210.52,15330283408.0,1556175600
221,5210.3,5383.63,5177.37,5279.35,16812108040.0,1556262000
222,5279.47,5310.75,5233.64,5268.29,13111274675.0,1556348400
223,5271.75,5326.23,5255.68,5285.14,12819992056.0,1556434800
224,5284.86,5311.27,5216.49,5247.35,13735490672.0,1556521200
225,5247.73,5363.26,5224.19,5350.73,13878964574.0,1556607600
226,5350.91,5418.0,5347.65,5402.7,13679528236.0,1556694000
227,5402.42,5522.26,5394.22,5505.28,14644460907.0,1556780400
228,5505.55,5865.88,5490.2,5768.29,18720780006.0,1556866800
229,5769.2,5886.89,5645.47,5831.17,17567780766.0,1556953200
230,5831.07,5833.86,5708.04,5795.71,14808830723.0,1557039600
231,5791.69,5802.96,5653.69,5746.81,15737171804.0,1557126000
232,5745.6,5988.18,5741.4,5829.5,18026409033.0,1557212400
233,5849.48,5989.98,5794.72,5982.46,15320605300.0,1557298800
234,5982.32,6183.04,5982.32,6174.53,16784645411.0,1557385200
235,6175.82,6434.62,6161.52,6378.85,19419875368.0,1557471600
236,6379.67,7333.0,6375.7,7204.77,28867562329.0,1557558000
237,7203.51,7503.87,6815.77,6972.37,27773333680.0,1557644400
238,6971.18,8047.41,6898.28,7814.92,28677672181.0,1557730800
239,7807.88,8268.71,7696.39,7994.42,32031452227.0,1557817200
240,7989.37,8216.42,7899.11,8205.17,28344112920.0,1557903600
241,8194.5,8320.82,7729.61,7884.91,33167197581.0,1557990000
242,7886.93,7929.15,7038.12,7343.9,30066644905.0,1558076400
243,7341.66,7447.27,7251.5,7271.21,21354286562.0,1558162800
244,7267.96,8261.94,7267.96,8197.69,25902422040.0,1558249200
245,8196.92,8200.97,7678.78,7978.31,23843404340.0,1558335600
246,7977.97,8062.17,7843.34,7963.33,25127245056.0,1558422000
247,7956.29,7997.61,7615.99,7680.07,24719473175.0,1558508400
248,7677.27,7943.79,7533.2,7881.85,24457107820.0,1558594800
249,7881.7,8140.72,7824.45,7987.37,25919126991.0,1558681200
250,7991.89,8117.93,7965.98,8052.54,22256813107.0,1558767600
251,8055.21,8687.52,7924.67,8673.22,26677970091.0,1558854000
252,8674.07,8907.17,8668.71,8805.78,27949839564.0,1558940400
253,8802.76,8807.02,8634.72,8719.96,24226919267.0,1559026800
254,8718.59,8755.85,8482.73,8659.49,23473479966.0,1559113200
255,8661.76,9008.31,8221.27,8319.47,29246528551.0,1559199600
256,8320.29,8586.66,8172.55,8574.5,25365190957.0,1559286000
257,8573.84,8625.6,8481.58,8564.02,22488303544.0,1559372400
258,8565.47,8809.3,8561.24,8742.96,20266216022.0,1559458800
259,8741.75,8743.5,8204.19,8209.0,22004511436.0,1559545200
260,8210.99,8210.99,7564.49,7707.77,24609731549.0,1559631600
261,7704.34,7901.85,7668.67,7824.23,21760923463.0,1559718000
262,7819.63,7937.34,7571.47,7822.02,19474611077.0,1559804400
263,7826.9,8126.15,7788.37,8043.95,19141423231.0,1559890800
264,8036.77,8076.89,7837.61,7954.13,16522722810.0,1559977200
265,7949.67,7975.97,7583.22,7688.08,16610726547.0,1560063600
266,7692.28,8031.91,7586.73,8000.33,18689275117.0,1560150000
267,8004.24,8026.39,7772.8,7927.71,17107279932.0,1560236400
268,7925.43,8196.65,7862.36,8145.86,19034432883.0,1560322800
269,8145.55,8311.57,8087.06,8230.92,18669407147.0,1560409200
270,8230.9,8710.64,8183.39,8693.83,19831162906.0,1560495600
271,8689.75,8859.13,8618.4,8838.38,18371033226.0,1560582000
272,8841.44,9335.87,8814.56,8994.49,23348550311.0,1560668400
273,8988.92,9416.41,8988.92,9320.35,15562951919.0,1560754800
274,9335.47,9348.37,9004.9,9081.76,15848210536.0,1560841200
275,9078.73,9299.62,9070.4,9273.52,15546809946.0,1560927600
276,9273.06,9594.42,9232.48,9527.16,17846823784.0,1561014000
277,9525.07,10144.56,9525.07,10144.56,20624008643.0,1561100400
278,10175.92,11157.35,10107.04,10701.69,29995204861.0,1561186800
279,10696.69,11246.14,10556.1,10855.37,20998326502.0,1561273200
280,10853.74,11065.9,10610.43,11011.1,19271652365.0,1561359600
281,11007.2,11790.92,11007.2,11790.92,24879684533.0,1561446000
282,11778.58,13796.49,11755.6,13016.23,45105733173.0,1561532400
283,13017.13,13311.14,10491.85,11182.81,39977475223.0,1561618800
284,11162.17,12445.17,10914.5,12407.33,35087757766.0,1561705200
285,12400.76,12400.91,11508.38,11959.37,29923961128.0,1561791600
286,11931.99,12178.38,10799.01,10817.16,27256473494.0,1561878000
287,10796.93,11206.44,10089.31,10583.13,29378589324.0,1561964400
288,10588.68,10912.19,9737.88,10801.68,31015895223.0,1562050800
289,10818.16,11968.08,10818.16,11961.27,30796494294.0,1562137200
290,11972.72,12006.08,11166.57,11215.44,25920294033.0,1562223600
291,11203.1,11395.66,10874.96,10978.46,23838480210.0,1562310000
292,10982.54,11620.96,10982.54,11208.55,21092024306.0,1562396400
293,11217.62,11541.62,11148.8,11450.85,19369044277.0,1562482800
294,11446.6,12345.83,11393.37,12285.96,23482551458.0,1562569200
295,12284.33,12779.13,12233.26,12573.81,28167921523.0,1562655600
296,12571.54,13129.53,11710.98,12156.51,33627574244.0,1562742000
297,12139.71,12144.62,11158.92,11358.66,28595327690.0,1562828400
298,11354.3,11905.49,11179.14,11815.99,23534692797.0,1562914800
299,11813.13,11841.96,10908.48,11392.38,21042616384.0,1563001200
300,11381.02,11451.2,10234.58,10256.06,22486000001.0,1563087600
301,10257.84,11052.77,9992.01,10895.09,25384047207.0,1563174000
302,10896.65,10996.63,9448.11,9477.64,24151199070.0,1563260400
303,9471.21,9963.13,9163.13,9693.8,24569921549.0,1563346800
304,9698.5,10736.84,9376.8,10666.48,25187024648.0,1563433200
305,10653.96,10716.98,10229.63,10530.73,20727426310.0,1563519600
306,10525.82,11048.66,10451.28,10767.14,20206615155.0,1563606000
307,10777.53,10841.89,10389.6,10599.11,17130580467.0,1563692400
308,10596.95,10651.79,10154.92,10343.11,16334414913.0,1563778800
309,10346.75,10346.75,9883.59,9900.77,17851916995.0,1563865200
310,9887.73,9908.8,9614.31,9811.93,17398734322.0,1563951600
311,9809.1,10154.25,9773.96,9911.84,15821952090.0,1564038000
312,9913.13,9916.52,9717.98,9870.3,14495714483.0,1564124400
313,9871.17,10167.32,9411.52,9477.68,16817809536.0,1564210800
314,9491.63,9575.54,9252.3,9552.86,13738687093.0,1564297200
315,9548.18,9681.65,9472.95,9519.15,13791445323.0,1564383600
316,9522.33,9701.76,9437.34,9607.42,13829811132.0,1564470000
317,9604.05,10085.63,9598.1,10085.63,16631520648.0,1564556400
318,10077.44,10446.92,9922.02,10399.67,17165337858.0,1564642800
319,10402.04,10657.95,10371.01,10518.17,17489094082.0,1564729200
320,10519.28,10946.78,10503.5,10821.73,15352685061.0,1564815600
321,10821.63,11009.21,10620.28,10970.18,16530894787.0,1564902000
322,10960.74,11895.09,10960.74,11805.65,23875988832.0,1564988400
323,11811.54,12273.82,11290.73,11478.17,23635107660.0,1565074800
324,11476.19,12036.99,11433.7,11941.97,22194988641.0,1565161200
325,11954.04,11979.42,11556.17,11966.41,19481591730.0,1565247600
326,11953.47,11970.46,11709.75,11862.94,18339989960.0,1565334000
327,11861.56,11915.66,11323.9,11354.02,18125355447.0,1565420400
328,11349.74,11523.58,11248.29,11523.58,15774371518.0,1565506800
329,11528.19,11528.19,11320.95,11382.62,13647198229.0,1565593200
330,11385.05,11420.05,10830.33,10895.83,16681503537.0,1565679600
331,10889.49,10889.56,10028.14,10051.7,19990838300.0,1565766000
332,10038.42,10437.41,9675.32,10311.55,22899115082.0,1565852400
333,10319.42,10524.35,9855.48,10374.34,20228207096.0,1565938800
334,10358.72,10452.63,10086.7,10231.74,13778035685.0,1566025200
335,10233.01,10487.07,10119.09,10345.81,12999813869.0,1566111600
336,10350.28,10916.05,10313.2,10916.05,16038264603.0,1566198000
337,10916.35,10947.04,10618.96,10763.23,15053082175.0,1566284400
338,10764.57,10798.73,9962.72,10138.05,19473084768.0,1566370800
339,10142.52,10233.0,9831.46,10131.06,17097508856.0,1566457200
340,10136.31,10442.44,10078.19,10407.96,15627023886.0,1566543600
341,10407.64,10418.02,9982.3,10159.96,15451030650.0,1566630000
342,10160.74,10304.62,10008.79,10138.52,14153856610.0,1566716400
343,10126.3,10512.33,10126.3,10370.82,18438654080.0,1566802800
344,10372.83,10381.33,10087.3,10185.5,14762609503.0,1566889200
345,10203.43,10279.37,9716.66,9754.42,17603790323.0,1566975600
346,9756.79,9756.79,9421.63,9510.2,17045878501.0,1567062000
347,9514.84,9656.12,9428.3,9598.17,13595263986.0,1567148400
348,9597.54,9673.22,9531.8,9630.66,11454806419.0,1567234800
349,9630.59,9796.76,9582.94,9757.97,11445355859.0,1567321200
350,9757.47,10396.59,9730.65,10346.76,17248102294.0,1567407600
351,10345.73,10736.1,10308.55,10623.54,19384917989.0,1567494000
352,10621.18,10762.64,10434.71,10594.49,16742664769.0,1567580400
353,10588.18,10627.27,10516.42,10575.53,14551239508.0,1567666800
354,10578.2,10898.76,10292.3,10353.3,19536574783.0,1567753200
355,10353.93,10558.67,10348.92,10517.25,15307366476.0,1567839600
356,10518.11,10595.64,10409.09,10441.28,13670567493.0,1567926000
357,10443.23,10450.31,10144.93,10334.97,17595943368.0,1568012400
358,10336.41,10394.35,10020.57,10115.98,14906809639.0,1568098800
359,10123.04,10215.95,9980.78,10178.37,15428063426.0,1568185200
360,10176.82,10442.25,10099.24,10410.13,15323563925.0,1568271600
361,10415.36,10441.49,10226.6,10360.55,14109864675.0,1568358000
362,10345.4,10422.13,10291.69,10358.05,13468713124.0,1568444400
363,10356.47,10387.04,10313.09,10347.71,12043433567.0,1568530800
364,10347.22,10386.87,10189.74,10276.79,15160167779.0,1568617200
365,10281.51,10296.77,10199.74,10241.27,15304603363.0,1568703600
366,10247.8,10275.93,10191.47,10198.25,16169268880.0,1568790000
367,10200.5,10295.67,9851.69,10266.42,19937691247.0,1568876400
368,10266.32,10285.87,10132.19,10181.64,14734189639.0,1568962800
369,10183.65,10188.1,10000.71,10019.72,13425266806.0,1569049200
370,10024.12,10074.44,9922.53,10070.39,13199651698.0,1569135600
371,10067.96,10074.24,9727.14,9729.32,15144925408.0,1569222000
372,9729.32,9804.32,8370.8,8620.57,25002886689.0,1569308400
373,8603.43,8744.83,8325.4,8486.99,21744728353.0,1569394800
374,8487.67,8515.69,7895.63,8118.97,19258205289.0,1569481200
375,8113.1,8271.52,7965.92,8251.85,16408941156.0,1569567600
376,8251.27,8285.62,8125.43,8245.92,14141152736.0,1569654000
377,8246.04,8261.71,7990.5,8104.19,13034629109.0,1569740400
378,8104.23,8314.23,7830.76,8293.87,17115474183.0,1569826800
379,8299.72,8497.69,8232.68,8343.28,15305343413.0,1569913200
380,8344.21,8393.04,8227.7,8393.04,13125712443.0,1569999600
381,8390.77,8414.23,8146.44,8259.99,13668823409.0,1570086000
382,8259.49,8260.06,8151.24,8205.94,13139456229.0,1570172400
383,8210.15,8215.53,8071.12,8151.5,12200497197.0,1570258800
384,8149.88,8161.41,7958.85,7988.16,13160830305.0,1570345200
385,7989.12,8308.45,7905.77,8245.62,18009742607.0,1570431600
386,8246.85,8332.71,8185.76,8228.78,15592264032.0,1570518000
387,8229.84,8627.71,8169.3,8595.74,19384942333.0,1570604400
388,8585.28,8625.27,8471.93,8586.47,17618660671.0,1570690800
389,8585.26,8721.78,8316.18,8321.76,19604381101.0,1570777200
390,8315.67,8415.24,8313.34,8336.56,14532641605.0,1570863600
391,8336.9,8470.99,8276.61,8321.01,13808286059.0,1570950000
392,8320.83,8390.21,8284.13,8374.69,15151387859.0,1571036400
393,8373.46,8410.71,8182.71,8205.37,15220412632.0,1571122800
394,8204.67,8216.81,7985.09,8047.53,16071646996.0,1571209200
395,8047.81,8134.83,8000.94,8103.91,14313052244.0,1571295600
396,8100.93,8138.41,7902.16,7973.21,15651592610.0,1571382000
397,7973.8,8082.63,7944.78,7988.56,13797825640.0,1571468400
398,7997.81,8281.82,7949.44,8222.08,15504249442.0,1571554800
399,8225.12,8296.69,8196.42,8243.72,15868748866.0,1571641200
400,8243.4,8296.65,8074.46,8078.2,16803377857.0,1571727600
401,8076.23,8093.0,7469.32,7514.67,21942878958.0,1571814000
402,7509.73,7532.87,7446.99,7493.49,16268708849.0,1571900400
403,7490.7,8691.54,7479.98,8660.7,28705065488.0,1571986800
404,8667.58,10021.74,8662.62,9244.97,44496255609.0,1572073200
405,9241.71,9749.53,9112.54,9551.71,32593129501.0,1572159600
406,9565.1,9805.12,9256.15,9256.15,30948255332.0,1572246000
407,9248.44,9516.18,9232.65,9427.69,28426779937.0,1572332400
408,9422.46,9426.87,9085.37,9205.73,27706531577.0,1572418800
409,9202.46,9383.16,9028.72,9199.58,26583653947.0,1572505200
410,9193.99,9275.66,9132.05,9261.1,24324691031.0,1572591600
411,9259.78,9377.49,9249.59,9324.72,21242676385.0,1572678000
412,9324.79,9379.81,9141.25,9235.35,21132220847.0,1572764400
413,9235.61,9505.05,9191.49,9412.61,26170255634.0,1572850800
414,9413.0,9457.42,9256.93,9342.53,26198609048.0,1572937200
415,9340.86,9423.24,9305.91,9360.88,23133895765.0,1573023600
416,9352.39,9368.48,9202.35,9267.56,22700383839.0,1573110000
417,9265.37,9272.76,8775.53,8804.88,24333037836.0,1573196400
418,8809.47,8891.82,8793.16,8813.58,17578630606.0,1573282800
419,8812.49,9103.83,8806.16,9055.53,20587919881.0,1573369200
420,9056.92,9081.28,8700.61,8757.79,20265510765.0,1573455600
421,8759.75,8853.77,8685.43,8815.66,20309769107.0,1573542000
422,8812.03,8836.84,8761.65,8808.26,17545755405.0,1573628400
423,8811.94,8826.94,8692.55,8708.09,19084739975.0,1573714800
424,8705.71,8730.87,8484.84,8491.99,21796856471.0,1573801200
425,8491.17,8592.0,8473.97,8550.76,16495389808.0,1573887600
426,8549.47,8727.79,8500.97,8577.98,18668638897.0,1573974000
427,8573.98,8653.28,8273.57,8309.29,21579470673.0,1574060400
428,8305.13,8408.52,8099.96,8206.15,21083613816.0,1574146800
429,8203.61,8237.24,8010.51,8027.27,20764300437.0,1574233200
430,8023.64,8110.1,7597.38,7642.75,22514243371.0,1574319600
431,7643.57,7697.38,6936.71,7296.58,34242315785.0,1574406000
432,7296.16,7442.26,7151.42,7397.8,21008924418.0,1574492400
433,7398.63,7408.58,7029.29,7047.92,30433517289.0,1574578800
434,7039.98,7319.86,6617.17,7146.13,42685231262.0,1574665200
435,7145.16,7320.23,7098.57,7218.37,21129505542.0,1574751600
436,7220.88,7619.69,6974.17,7531.66,23991412764.0,1574838000
437,7536.82,7730.07,7454.12,7463.11,19050116751.0,1574924400
438,7466.73,7781.18,7460.76,7761.24,19709695456.0,1575010800
439,7764.06,7836.1,7515.85,7569.63,17158194786.0,1575097200
440,7571.62,7571.62,7291.34,7424.29,18720708479.0,1575183600
441,7424.04,7474.82,7233.4,7321.99,17082040706.0,1575270000
442,7323.98,7418.86,7229.36,7320.15,14797485769.0,1575356400
443,7320.13,7539.78,7170.92,7252.03,21664240918.0,1575442800
444,7253.24,7743.43,7232.68,7448.31,18816085231.0,1575529200
445,7450.56,7547.0,7392.18,7547.0,18104466307.0,1575615600
446,7547.27,7589.95,7525.71,7556.24,15453520564.0,1575702000
447,7551.34,7634.61,7476.09,7564.35,15409908086.0,1575788400
448,7561.8,7618.09,7365.99,7400.9,17872021272.0,1575874800
449,7397.13,7424.02,7246.04,7278.12,18249031195.0,1575961200
450,7277.2,7324.16,7195.53,7217.43,16350490689.0,1576047600
451,7216.74,7266.64,7164.74,7243.13,18927080224.0,1576134000
452,7244.66,7293.56,7227.12,7269.68,17125736940.0,1576220400
453,7268.9,7308.84,7097.21,7124.67,17137029730.0,1576306800
454,7124.24,7181.08,6924.38,7152.3,16881129804.0,1576393200
455,7153.66,7171.17,6903.68,6932.48,20213265950.0,1576479600
456,6931.32,6964.08,6587.97,6640.52,22363804217.0,1576566000
457,6647.7,7324.98,6540.05,7276.8,31836522778.0,1576652400
458,7277.59,7346.6,7041.38,7202.84,25904604416.0,1576738800
459,7208.64,7257.92,7086.12,7218.82,22633815180.0,1576825200
460,7220.59,7223.23,7112.74,7191.16,19312552168.0,1576911600
461,7191.19,7518.03,7167.18,7511.59,23134537956.0,1576998000
462,7508.9,7656.18,7326.19,7355.63,27831788041.0,1577084400
463,7354.39,7535.72,7269.53,7322.53,22991622105.0,1577170800
464,7325.76,7357.02,7220.99,7275.16,21559505149.0,1577257200
465,7274.8,7388.3,7200.39,7238.97,22787010034.0,1577343600
466,7238.14,7363.53,7189.93,7290.09,22777360996.0,1577430000
467,7289.03,7399.04,7286.91,7317.99,21365673026.0,1577516400
468,7317.65,7513.95,7279.87,7422.65,22445257702.0,1577602800
469,7420.27,7454.82,7276.31,7293.0,22874131672.0,1577689200
470,7294.44,7335.29,7169.78,7193.6,21167946112.0,1577775600
471,7194.89,7254.33,7174.94,7200.17,18565664997.0,1577862000
472,7202.55,7212.16,6935.27,6985.47,20802083465.0,1577948400
473,6984.43,7413.72,6915.0,7344.88,28111481032.0,1578034800
474,7345.38,7427.39,7309.51,7410.66,18444271275.0,1578121200
475,7410.45,7544.5,7400.54,7411.32,19725074095.0,1578207600
476,7410.45,7781.87,7409.29,7769.22,23276261598.0,1578294000
477,7768.68,8178.22,7768.23,8163.69,28767291327.0,1578380400
478,8161.94,8396.74,7956.77,8079.86,31672559265.0,1578466800
479,8082.3,8082.3,7842.4,7879.07,24045990466.0,1578553200
480,7878.31,8166.55,7726.77,8166.55,28714583844.0,1578639600
481,8162.19,8218.36,8029.64,8037.54,25521165085.0,1578726000
482,8033.26,8200.06,8009.06,8192.49,22903438381.0,1578812400
483,8189.77,8197.79,8079.7,8144.19,22482910688.0,1578898800
484,8140.93,8879.51,8140.93,8827.76,44841784107.0,1578985200
485,8825.34,8890.12,8657.19,8807.01,40102834650.0,1579071600
486,8812.48,8846.46,8612.1,8723.79,31313981931.0,1579158000
487,8725.21,8958.12,8677.32,8929.04,36372139320.0,1579244400
488,8927.21,9012.2,8827.33,8942.81,32337772627.0,1579330800
489,8941.45,9164.36,8620.08,8706.25,34217320471.0,1579417200
490,8704.63,8745.59,8560.47,8657.64,26422375678.0,1579503600
491,8658.99,8755.71,8544.52,8745.89,24097418512.0,1579590000
492,8744.21,8792.99,8636.75,8680.88,22600204051.0,1579676400
493,8680.65,8687.75,8333.64,8406.52,25770680779.0,1579762800
494,8405.57,8514.67,8266.84,8445.43,24397913026.0,1579849200
495,8440.12,8458.45,8296.22,8367.85,19647331549.0,1579935600
496,8364.41,8602.4,8325.5,8596.83,22177678796.0,1580022000
497,8597.31,8977.73,8597.31,8909.82,28647338393.0,1580108400
498,8912.52,9358.59,8908.45,9358.59,34398744403.0,1580194800
499,9357.47,9406.43,9269.47,9316.63,30682598115.0,1580281200
500,9316.02,9553.13,9230.9,9508.99,32378792851.0,1580367600
501,9508.31,9521.71,9230.78,9350.53,29432489719.0,1580454000
502,9346.36,9439.32,9313.24,9392.88,25922656496.0,1580540400
503,9389.82,9468.8,9217.82,9344.37,30835736946.0,1580626800
504,9344.68,9540.37,9248.63,9293.52,30934096509.0,1580713200
505,9292.84,9331.27,9112.81,9180.96,29893183716.0,1580799600
506,9183.42,9701.3,9163.7,9613.42,35222060874.0,1580886000
507,9617.82,9824.62,9539.82,9729.8,37628823716.0,1580972400
508,9726.0,9834.72,9726.0,9795.94,34522718159.0,1581058800
509,9793.07,9876.75,9678.91,9865.12,35172043762.0,1581145200
510,9863.89,10129.44,9850.39,10116.67,35807884663.0,1581231600
511,10115.56,10165.77,9784.56,9856.61,39386548075.0,1581318000
512,9855.89,10210.05,9729.33,10208.24,37648059389.0,1581404400
513,10202.39,10393.61,10202.39,10326.05,43444303830.0,1581490800
514,10323.96,10457.63,10116.16,10214.38,49356071373.0,1581577200
515,10211.55,10322.0,10125.53,10312.12,43338264162.0,1581663600
516,10313.86,10341.56,9874.43,9889.42,43865054831.0,1581750000
517,9889.18,10053.97,9722.39,9934.43,43374780305.0,1581836400
518,9936.56,9938.82,9507.64,9690.14,45998298413.0,1581922800
519,9691.23,10161.94,9632.38,10142.0,47271023953.0,1582009200
520,10143.8,10191.68,9611.22,9633.39,46992019710.0,1582095600
521,9629.33,9643.22,9507.9,9608.48,44925260237.0,1582182000
522,9611.78,9723.01,9589.74,9686.44,40930547513.0,1582268400
523,9687.71,9698.23,9600.73,9663.18,35838025154.0,1582354800
524,9663.32,9937.4,9657.79,9924.52,41185185761.0,1582441200
525,9921.58,9951.75,9537.04,9650.17,45080496648.0,1582527600
526,9651.31,9652.74,9305.02,9341.71,42515259129.0,1582614000
527,9338.29,9354.78,8704.43,8820.52,50420050762.0,1582700400
528,8825.09,8932.89,8577.2,8784.49,45470195695.0,1582786800
529,8788.73,8890.46,8492.93,8672.46,44605450443.0,1582873200
530,8671.21,8775.63,8599.51,8599.51,35792392544.0,1582959600
531,8599.76,8726.8,8471.21,8562.45,35349164300.0,1583046000
532,8563.26,8921.31,8532.63,8869.67,42857674409.0,1583132400
533,8865.39,8901.6,8704.99,8787.79,42386715821.0,1583218800
534,8788.54,8843.37,8712.43,8755.25,34746706368.0,1583305200
535,8760.29,9142.05,8757.25,9078.76,39698054597.0,1583391600
536,9078.31,9167.7,9032.08,9122.55,40826885651.0,1583478000
537,9121.6,9163.22,8890.74,8909.95,36216930370.0,1583564400
538,8908.21,8914.34,8105.25,8108.12,39973102121.0,1583650800
539,8111.15,8177.79,7690.1,7923.64,46936995808.0,1583737200
540,7922.15,8136.95,7814.76,7909.73,42213940994.0,1583823600
541,7910.09,7950.81,7642.81,7911.43,38682762605.0,1583910000
542,7913.62,7929.12,4860.35,4970.79,53980357243.0,1583996400
543,5017.83,5838.11,4106.98,5563.71,74156772075.0,1584082800
544,5573.08,5625.23,5125.07,5200.37,36154506008.0,1584169200
545,5201.07,5836.65,5169.28,5392.31,33997889639.0,1584255600
546,5385.23,5385.23,4575.36,5014.48,45368026430.0,1584342000
547,5002.58,5371.35,4981.91,5225.63,38622642935.0,1584428400
548,5227.11,5331.83,5069.34,5238.44,37878801016.0,1584514800
549,5245.42,6329.74,5236.97,6191.19,51000731797.0,1584601200
550,6191.65,6844.26,5865.78,6198.78,54442976103.0,1584687600
551,6206.52,6378.14,5932.82,6185.07,42494390880.0,1584774000
552,6185.56,6359.7,5823.71,5830.25,40099664740.0,1584860400
553,5831.37,6443.93,5785.0,6416.31,46491916000.0,1584946800
554,6436.64,6789.02,6411.07,6734.8,48221910672.0,1585033200
555,6738.72,6892.51,6536.93,6681.06,44590107888.0,1585119600
556,6675.17,6735.46,6590.96,6716.44,35319797642.0,1585206000
557,6719.39,6793.84,6466.7,6469.8,34585598367.0,1585292400
558,6467.25,6467.5,6117.84,6242.19,34885225901.0,1585378800
559,6245.62,6250.47,5920.09,5922.04,28373690931.0,1585465200
560,5925.54,6517.2,5903.23,6429.84,37101651525.0,1585551600
561,6430.61,6504.52,6374.16,6438.64,32786468812.0,1585638000
562,6437.32,6612.57,6202.37,6606.78,40346426266.0,1585724400
563,6606.78,7088.25,6595.92,6793.62,47660646124.0,1585810800
564,6797.4,7003.22,6673.34,6733.39,38976504903.0,1585897200
565,6738.38,6878.95,6696.48,6867.53,33185988584.0,1585983600
566,6862.54,6883.41,6715.93,6791.13,29510409856.0,1586070000
567,6788.05,7271.78,6782.89,7271.78,46896904615.0,1586156400
568,7273.64,7427.94,7136.71,7176.41,44243482668.0,1586242800
569,7179.28,7356.22,7153.31,7334.1,37563249549.0,1586329200
570,7337.97,7341.45,7179.09,7302.09,34815139178.0,1586415600
571,7303.82,7303.82,6802.48,6865.49,43622840992.0,1586502000
572,6867.44,6926.07,6789.92,6859.08,31222085946.0,1586588400
573,6858.07,7119.95,6811.08,6971.09,35759567632.0,1586674800
574,6965.62,6965.62,6668.26,6845.04,38619308647.0,1586761200
575,6843.28,6958.56,6793.82,6842.43,34110434052.0,1586847600
576,6845.56,6928.66,6633.4,6642.11,32288311031.0,1586934000
577,6640.45,7134.45,6555.5,7116.8,46783242377.0,1587020400
578,7116.55,7167.18,7050.33,7096.18,32513423567.0,1587106800
579,7092.29,7269.96,7089.25,7257.67,32447188386.0,1587193200
580,7260.92,7280.52,7167.05,7189.42,31311210215.0,1587279600
581,7186.87,7240.29,6835.5,6881.96,37747113936.0,1587366000
582,6879.78,6934.55,6834.44,6880.32,32589741511.0,1587452400
583,6879.44,7145.87,6867.78,7117.21,33249153866.0,1587538800
584,7121.31,7491.79,7081.59,7429.72,43500782316.0,1587625200
585,7434.18,7574.2,7434.18,7550.9,34636526286.0,1587711600
586,7550.48,7641.36,7521.67,7569.94,32941541447.0,1587798000
587,7570.14,7700.59,7561.41,7679.87,33070154491.0,1587884400
588,7679.42,7795.6,7679.42,7795.6,36162144725.0,1587970800
589,7796.97,7814.53,7730.81,7807.06,33187959921.0,1588057200
590,7806.71,8871.75,7786.05,8801.04,60201052203.0,1588143600
591,8797.67,9440.65,8533.26,8658.55,66964629541.0,1588230000
592,8672.78,9048.02,8667.76,8864.77,44068389997.0,1588316400
593,8869.06,9007.19,8811.37,8988.6,40134388683.0,1588402800
594,8983.61,9167.78,8830.97,8897.47,47101785174.0,1588489200
595,8895.75,8956.91,8645.02,8912.65,45718796276.0,1588575600
596,8912.83,9062.42,8856.83,9003.07,43148462663.0,1588662000
597,9007.44,9411.47,8966.71,9268.76,49371886931.0,1588748400
598,9261.9,9992.66,9138.32,9951.52,61112700562.0,1588834800
599,9936.16,9996.74,9767.17,9842.67,51780748042.0,1588921200
600,9840.91,9913.86,9580.64,9593.9,46566121841.0,1589007600
601,9591.17,9595.58,8395.11,8756.43,63325279337.0,1589094000
602,8755.54,9033.47,8374.32,8601.8,57119858802.0,1589180400
603,8610.39,8949.9,8569.64,8804.48,42142717533.0,1589266800
604,8805.39,9317.88,8805.39,9269.99,45558144023.0,1589353200
605,9271.33,9793.27,9255.04,9733.72,56426907637.0,1589439600
606,9734.29,9755.83,9261.4,9328.2,48158802327.0,1589526000
607,9333.24,9564.21,9260.69,9377.01,36164766408.0,1589612400
608,9374.93,9823.0,9349.55,9670.74,40084250663.0,1589698800
609,9675.7,9906.03,9570.36,9726.58,41827139896.0,1589785200
610,9727.06,9836.05,9539.62,9729.04,39254288955.0,1589871600
611,9725.33,9804.79,9447.2,9522.98,36546239703.0,1589958000
612,9522.74,9555.24,8869.93,9081.76,39326160532.0,1590044400
613,9080.33,9232.94,9008.64,9182.58,29810773699.0,1590130800
614,9185.06,9302.5,9118.11,9209.29,27727866812.0,1590217200
615,9212.28,9288.4,8787.25,8790.37,32518803300.0,1590303600
616,8786.11,8951.01,8719.67,8906.93,31288157264.0,1590390000
617,8909.59,8991.97,8757.29,8835.05,29584186947.0,1590476400
618,8837.38,9203.32,8834.16,9181.02,32740536902.0,1590562800
619,9184.95,9546.32,9148.46,9525.75,34367073114.0,1590649200
620,9528.36,9573.67,9379.34,9439.12,32896642044.0,1590735600
621,9438.91,9704.03,9366.73,9700.41,32722975141.0,1590822000
622,9700.11,9700.34,9432.3,9461.06,27773290299.0,1590908400
623,9463.61,10199.57,9450.9,10167.27,35198901068.0,1590994800
624,10162.97,10182.34,9460.57,9529.8,39137252109.0,1591081200
625,9533.76,9682.86,9471.85,9656.72,25007459262.0,1591167600
626,9655.85,9887.61,9525.25,9800.64,25921805072.0,1591254000
627,9800.22,9869.24,9663.22,9665.53,23509628646.0,1591340400
628,9664.9,9773.43,9591.02,9653.68,20438419222.0,1591426800
629,9653.0,9768.5,9458.15,9758.85,25015250846.0,1591513200
630,9760.06,9782.31,9675.89,9771.49,21486346312.0,1591599600
631,9774.36,9836.37,9664.72,9795.7,23717842783.0,1591686000
632,9794.12,9908.9,9728.29,9870.09,25706567601.0,1591772400
633,9870.08,9938.3,9263.07,9321.78,30247143440.0,1591858800
634,9320.69,9540.47,9285.85,9480.84,22610564515.0,1591945200
635,9480.74,9493.21,9396.01,9475.28,17564322315.0,1592031600
636,9477.55,9482.27,9347.59,9386.79,18991732746.0,1592118000
637,9386.04,9504.86,8990.18,9450.7,26699704768.0,1592204400
638,9454.27,9579.43,9400.45,9538.02,21565537209.0,1592290800
639,9533.78,9540.42,9327.34,9480.25,20177709879.0,1592377200
640,9481.57,9482.78,9328.4,9411.84,17770083003.0,1592463600
641,9410.29,9440.88,9274.3,9288.02,19632223107.0,1592550000
642,9290.96,9394.97,9247.38,9332.34,17130541557.0,1592636400
643,9330.93,9401.11,9300.43,9303.63,15324301169.0,1592722800
644,9300.92,9655.07,9296.87,9648.72,21104009514.0,1592809200
645,9644.08,9670.54,9547.25,9629.66,17006433272.0,1592895600
646,9632.15,9680.37,9278.23,9313.61,18961716076.0,1592982000
647,9314.13,9340.16,9095.32,9264.81,18616048626.0,1593068400
648,9261.0,9310.52,9101.74,9162.92,18341465837.0,1593154800
649,9167.82,9207.81,8998.22,9045.39,17273093144.0,1593241200
650,9048.46,9197.55,8975.53,9143.58,14560870760.0,1593327600
651,9140.03,9237.57,9041.88,9190.85,16460547078.0,1593414000
652,9185.58,9217.84,9084.84,9137.99,15735797744.0,1593500400
653,9145.99,9309.75,9104.74,9228.33,15971550355.0,1593586800
654,9231.14,9274.96,9036.62,9123.41,16338916796.0,1593673200
655,9124.84,9202.34,9058.79,9087.3,13078970999.0,1593759600
656,9084.23,9183.3,9053.63,9132.49,12290528515.0,1593846000
657,9126.09,9162.18,8977.02,9073.94,12903406143.0,1593932400
658,9072.85,9375.47,9058.66,9375.47,17889263252.0,1594018800
659,9349.16,9360.62,9201.82,9252.28,13839652595.0,1594105200
660,9253.02,9450.34,9249.5,9428.33,19702359883.0,1594191600
661,9427.99,9431.38,9235.0,9277.97,18000702524.0,1594278000
662,9273.36,9287.47,9118.0,9278.81,16860035605.0,1594364400
663,9277.51,9293.53,9199.49,9240.35,13249910444.0,1594450800
664,9241.05,9319.42,9197.45,9276.5,14452361907.0,1594537200
665,9277.21,9306.41,9224.29,9243.61,17519821266.0,1594623600
666,9238.7,9283.84,9171.66,9243.21,18085038362.0,1594710000
667,9241.9,9275.33,9171.93,9192.84,15844731575.0,1594796400
668,9191.98,9214.31,9088.95,9132.23,15713967523.0,1594882800
669,9131.81,9182.25,9089.2,9151.39,13944570749.0,1594969200
670,9151.18,9230.98,9100.82,9159.04,12252601475.0,1595055600
671,9158.01,9201.4,9097.63,9185.82,12939002784.0,1595142000
672,9187.22,9214.27,9137.51,9164.23,13755604146.0,1595228400
673,9162.51,9407.26,9149.39,9374.89,18069581956.0,1595314800
674,9375.08,9530.52,9319.65,9525.36,16532254884.0,1595401200
675,9527.14,9610.25,9483.0,9581.07,18146399002.0,1595487600
676,9585.51,9623.34,9481.45,9536.89,16552768325.0,1595574000
677,9539.49,9704.56,9530.21,9677.11,16610070933.0,1595660400
678,9680.23,10023.81,9652.85,9905.17,20507998997.0,1595746800
679,9905.22,11298.22,9903.97,10990.87,35359749590.0,1595833200
680,11017.46,11204.33,10632.63,10912.82,28766551142.0,1595919600
681,10912.95,11304.4,10856.14,11100.47,24617249715.0,1596006000
682,11099.83,11169.36,10895.46,11111.21,22857247901.0,1596092400
683,11110.21,11415.86,10987.05,11323.47,23160469766.0,1596178800
684,11322.57,11794.78,11239.68,11759.59,26075670303.0,1596265200
685,11758.76,12034.14,11018.13,11053.61,27410067336.0,1596351600
686,11043.77,11453.08,11012.42,11246.35,20271713443.0,1596438000
687,11246.2,11385.38,11094.15,11205.89,21250197042.0,1596524400
688,11203.82,11786.62,11158.29,11747.02,24411254471.0,1596610800
689,11749.87,11902.34,11598.71,11779.77,23400740340.0,1596697200
690,11778.89,11898.04,11408.59,11601.47,23132312867.0,1596783600
691,11604.55,11800.06,11558.43,11754.05,17572057837.0,1596870000
692,11737.33,11806.06,11548.78,11675.74,17489608833.0,1596956400
693,11662.26,12045.14,11662.26,11878.11,26114112569.0,1597042800
694,11881.65,11932.71,11195.71,11410.53,27039782640.0,1597129200
695,11404.6,11748.4,11249.61,11584.93,25064548486.0,1597215600
696,11588.41,11796.4,11216.87,11784.14,27522199497.0,1597302000
697,11772.66,12150.99,11685.46,11768.87,24237958589.0,1597388400
698,11768.7,11963.2,11768.7,11865.7,23354924400.0,1597474800
699,11866.69,11934.9,11737.19,11892.8,20583375490.0,1597561200
700,11895.66,12359.06,11806.7,12254.4,28227687027.0,1597647600
701,12251.9,12335.71,11954.53,11991.23,26043227672.0,1597734000
702,11990.88,12028.92,11687.33,11758.28,24502851117.0,1597820400
703,11761.5,11900.41,11710.06,11878.37,20175242945.0,1597906800
704,11878.03,11899.26,11564.98,11592.49,23762425999.0,1597993200
705,11585.48,11689.41,11448.81,11681.83,20224191306.0,1598079600
706,11679.7,11713.43,11559.92,11664.85,18482062658.0,1598166000
707,11663.69,11807.63,11623.25,11774.6,20681511755.0,1598252400
708,11773.59,11778.3,11189.85,11366.13,26301509932.0,1598338800
709,11366.89,11530.05,11296.99,11488.36,22466660958.0,1598425200
710,11485.61,11570.79,11185.94,11323.4,23240415076.0,1598511600
711,11325.3,11545.62,11316.42,11542.5,19807127588.0,1598598000
712,11541.05,11585.64,11466.29,11506.87,17485597759.0,1598684400
713,11508.71,11715.26,11492.38,11711.51,19760127945.0,1598770800
714,11713.31,11768.88,11598.32,11680.82,22285928250.0,1598857200
715,11679.32,12067.08,11601.13,11970.48,27311555343.0,1598943600
716,11964.82,11964.82,11290.79,11414.03,28037405299.0,1599030000
717,11407.19,11443.02,10182.46,10245.3,31927261555.0,1599116400
718,10230.37,10663.92,10207.94,10511.81,29965130374.0,1599202800
719,10512.53,10581.57,9946.68,10169.57,44916565292.0,1599289200
720,10167.22,10353.93,10056.89,10280.35,37071460174.0,1599375600
721,10281.0,10399.15,9916.49,10369.56,33703098409.0,1599462000
722,10369.31,10414.78,9945.11,10131.52,33430927462.0,1599548400
723,10134.15,10350.54,10017.25,10242.35,24128292755.0,1599634800
724,10242.33,10503.91,10238.14,10363.14,54406443211.0,1599721200
725,10369.03,10434.92,10140.84,10400.92,45201121775.0,1599807600
726,10409.86,10578.84,10292.39,10442.17,36750077324.0,1599894000
727,10452.4,10577.21,10224.33,10323.76,36506852789.0,1599980400
728,10328.73,10800.01,10266.01,10680.84,35453581940.0,1600066800
729,10677.75,10938.63,10656.46,10796.95,32509451925.0,1600153200
730,10797.76,11100.12,10704.88,10974.91,30769986455.0,1600239600
731,10973.25,11037.42,10774.63,10948.99,38151810523.0,1600326000
732,10951.82,11034.91,10829.66,10944.59,26341903912.0,1600412400
733,10933.75,11134.09,10909.62,11094.35,22764204008.0,1600498800
734,11095.87,11095.87,10814.48,10938.27,24699523788.0,1600585200
735,10934.93,10988.3,10380.26,10462.26,28884999244.0,1600671600
736,10459.62,10568.08,10382.73,10538.46,23621787804.0,1600758000
737,10535.49,10537.83,10197.87,10246.19,23788661867.0,1600844400
738,10248.79,10771.06,10231.49,10760.07,47144380902.0,1600930800
739,10761.11,10777.7,10578.91,10692.72,39348590957.0,1601017200
740,10695.58,10773.0,10667.28,10750.72,46852525493.0,1601103600
741,10746.89,10803.98,10622.92,10775.27,53745972818.0,1601190000
742,10776.61,10945.35,10703.89,10709.65,47762394731.0,1601276400
743,10709.65,10860.0,10649.5,10844.64,46582396602.0,1601362800
744,10843.87,10847.26,10669.32,10784.49,44171073700.0,1601449200
745,10795.25,10933.62,10472.36,10619.45,40023134100.0,1601535600
746,10619.82,10657.84,10416.69,10575.97,48661453918.0,1601622000
747,10575.1,10598.94,10511.13,10549.33,44660271563.0,1601708400
748,10550.44,10686.0,10534.39,10669.58,71251776995.0,1601794800
749,10676.53,10793.51,10634.6,10793.34,47537578009.0,1601881200
750,10796.31,10797.58,10528.89,10604.41,42623695307.0,1601967600
751,10603.36,10680.51,10562.51,10668.97,37799458436.0,1602054000
752,10669.37,10945.74,10562.61,10915.69,63314794397.0,1602140400
753,10927.91,11102.67,10846.85,11064.46,22799117613.0,1602226800
754,11059.14,11442.21,11056.94,11296.36,22877978588.0,1602313200
755,11296.08,11428.81,11288.63,11384.18,19968627060.0,1602399600
756,11392.64,11698.47,11240.69,11555.36,26163972642.0,1602486000
757,11548.72,11548.98,11321.22,11425.9,24241420251.0,1602572400
758,11429.05,11539.98,11307.83,11429.51,24103426719.0,1602658800
759,11426.6,11569.91,11303.6,11495.35,24487233058.0,1602745200
760,11502.83,11540.06,11223.01,11322.12,25635480772.0,1602831600
761,11322.12,11386.26,11285.35,11358.1,19130430174.0,1602918000
762,11355.98,11483.36,11347.58,11483.36,18283314340.0,1603004400
763,11495.04,11799.09,11408.29,11742.04,23860769928.0,1603090800
764,11745.97,11999.92,11681.48,11916.33,30915821592.0,1603177200
765,11913.08,13184.57,11900.93,12823.69,43414712626.0,1603263600
766,12801.64,13161.59,12717.09,12965.89,34729759598.0,1603350000
767,12971.55,13015.96,12752.65,12931.54,28974975003.0,1603436400
768,12931.57,13145.07,12885.75,13108.06,24542317940.0,1603522800
769,13108.06,13329.18,12910.06,13031.17,24406920575.0,1603609200
770,13031.2,13225.3,12822.38,13075.25,29461458313.0,1603695600
771,13075.24,13759.67,13060.84,13654.22,33749878156.0,1603782000
772,13654.21,13837.7,12932.25,13271.29,35867318895.0,1603868400
773,13271.3,13612.05,12980.06,13437.88,56499499598.0,1603954800
774,13437.87,13651.52,13136.2,13546.52,30581485201.0,1604041200
775,13546.53,14028.21,13457.53,13781.0,30306464719.0,1604127600
776,13781.0,13862.03,13628.38,13737.11,24453857900.0,1604214000
777,13737.03,13808.32,13243.16,13550.49,30771455468.0,1604300400
778,13550.45,13984.98,13325.44,13950.3,29869951617.0,1604386800
779,13950.49,14218.77,13580.47,14133.71,35116364962.0,1604473200
780,14133.73,15706.4,14102.09,15579.85,40856321439.0,1604559600
781,15579.73,15903.44,15226.84,15565.88,39837841971.0,1604646000
782,15565.88,15737.1,14423.2,14833.75,35024953706.0,1604732400
783,14833.75,15637.32,14744.11,15479.57,26632075029.0,1604818800
784,15479.6,15785.14,14865.53,15332.32,34149115566.0,1604905200
785,15332.35,15450.33,15124.96,15290.9,25574938143.0,1604991600
786,15290.91,15916.26,15290.01,15701.34,29772374934.0,1605078000
787,15701.3,16305.0,15534.77,16276.34,34175758344.0,1605164400
788,16276.44,16463.18,15992.15,16317.81,31599492172.0,1605250800
789,16317.81,16317.81,15749.19,16068.14,27481710135.0,1605337200
790,16068.14,16123.11,15793.53,15955.59,23653867583.0,1605423600
791,15955.58,16816.18,15880.71,16716.11,31526766675.0,1605510000
792,16685.69,17782.92,16564.54,17645.41,39006849170.0,1605596400
793,17645.19,18393.95,17352.91,17804.01,49064800278.0,1605682800
794,17803.86,18119.55,17382.55,17817.09,36985055355.0,1605769200
795,17817.08,18773.23,17765.79,18621.31,36992873940.0,1605855600
796,18621.32,18936.62,18444.36,18642.23,39650210707.0,1605942000
797,18642.23,18688.97,17671.38,18370.0,41280434226.0,1606028400
798,18370.02,18711.43,18000.8,18364.12,42741112308.0,1606114800
799,18365.02,19348.27,18128.66,19107.46,51469565009.0,1606201200
800,19104.41,19390.96,18581.15,18732.12,43710357371.0,1606287600
801,18729.84,18866.29,16351.04,17150.62,61396835737.0,1606374000
802,17153.91,17445.02,16526.42,17108.4,38886494645.0,1606460400
803,17112.93,17853.94,16910.65,17717.41,32601040734.0,1606546800
804,17719.63,18283.63,17559.12,18177.48,31133957704.0,1606633200
805,18178.32,19749.26,18178.32,19625.84,47728480399.0,1606719600
806,19633.77,19845.97,18321.92,18803.0,49633658712.0,1606806000
807,18801.74,19308.33,18347.72,19201.09,37387697139.0,1606892400
808,19205.93,19566.19,18925.79,19445.4,31930317405.0,1606978800
809,19446.97,19511.4,18697.19,18699.77,33872388058.0,1607065200
810,18698.38,19160.45,18590.19,19154.23,27242455064.0,1607151600
811,19154.18,19390.5,18897.89,19345.12,25293775714.0,1607238000
812,19343.13,19411.83,18931.14,19191.63,26896357742.0,1607324400
813,19191.53,19283.48,18269.95,18321.14,31692288756.0,1607410800
814,18320.88,18626.29,17935.55,18553.92,34420373071.0,1607497200
815,18553.3,18553.3,17957.06,18264.99,25547132265.0,1607583600
816,18263.93,18268.45,17619.53,18058.9,27919640985.0,1607670000
817,18051.32,18919.55,18046.04,18803.66,21752580802.0,1607756400
818,18806.77,19381.54,18734.33,19142.38,25450468637.0,1607842800
819,19144.49,19305.1,19012.71,19246.64,22473997681.0,1607929200
820,19246.92,19525.01,19079.84,19417.08,26741982541.0,1608015600
821,19418.82,21458.91,19298.32,21310.6,44409011479.0,1608102000
822,21308.35,23642.66,21234.68,22805.16,71378606374.0,1608188400
823,22806.8,23238.6,22399.81,23137.96,40387896275.0,1608274800
824,23132.87,24085.86,22826.47,23869.83,38487546580.0,1608361200
825,23861.77,24209.66,23147.71,23477.29,37844228422.0,1608447600
826,23474.46,24059.98,22159.37,22803.08,45852713981.0,1608534000
827,22794.04,23789.9,22430.61,23783.03,44171632681.0,1608620400
828,23781.97,24024.49,22802.65,23241.35,51146161904.0,1608706800
829,23240.2,23768.34,22777.6,23735.95,41080759713.0,1608793200
830,23733.57,24710.1,23463.67,24664.79,42068395846.0,1608879600
831,24677.02,26718.07,24522.69,26437.04,48332647295.0,1608966000
832,26439.37,28288.84,25922.77,26272.29,66479895605.0,1609052400
833,26280.82,27389.11,26207.64,27084.81,49056742893.0,1609138800
834,27081.81,27370.72,25987.3,27362.44,45265946774.0,1609225200
835,27360.09,28937.74,27360.09,28840.95,51287442704.0,1609311600
836,28841.57,29244.88,28201.99,29001.72,46754964848.0,1609398000
837,28994.01,29600.63,28803.59,29374.15,40730301359.0,1609484400
838,29376.46,33155.12,29091.18,32127.27,67865420765.0,1609570800
839,32129.41,34608.56,32052.32,32782.02,78665235202.0,1609657200
840,32810.95,33440.22,28722.76,31971.91,81163475344.0,1609743600
841,31977.04,34437.59,30221.19,33992.43,67547324782.0,1609830000
842,34013.61,36879.7,33514.04,36824.36,75289433811.0,1609916400
843,36833.88,40180.37,36491.19,39371.04,84762141031.0,1610002800
844,39381.77,41946.74,36838.64,40797.61,88107519480.0,1610089200
845,40788.64,41436.35,38980.88,40254.55,61984162837.0,1610175600
846,40254.22,41420.19,35984.63,38356.44,79980747690.0,1610262000
847,38346.53,38346.53,30549.6,35566.66,123320567399.0,1610348400
848,35516.36,36568.53,32697.98,33922.96,74773277909.0,1610434800
849,33915.12,37599.96,32584.67,37316.36,69364315979.0,1610521200
850,37325.11,39966.41,36868.56,39187.33,63615990033.0,1610607600
851,39156.71,39577.71,34659.59,36825.37,67760757881.0,1610694000
852,36821.65,37864.37,35633.55,36178.14,57706187875.0,1610780400
853,36163.65,36722.35,34069.32,35791.28,52359854336.0,1610866800
854,35792.24,37299.29,34883.84,36630.07,49511702429.0,1610953200
855,36642.23,37755.89,36069.8,36069.8,57244195486.0,1611039600
856,36050.11,36378.33,33570.48,35547.75,66834573161.0,1611126000
857,35549.4,35552.68,30250.75,30825.7,75643067688.0,1611212400
858,30817.63,33811.85,28953.37,33005.76,77207272511.0,1611298800
859,32985.76,33360.98,31493.16,32067.64,48354737975.0,1611385200
860,32064.38,32944.01,31106.69,32289.38,48643830599.0,1611471600
861,32285.8,34802.74,32087.79,32366.39,59897054838.0,1611558000
862,32358.61,32794.55,31030.27,32569.85,60255421470.0,1611644400
863,32564.03,32564.03,29367.14,30432.55,62576762015.0,1611730800
864,30441.04,33858.31,30023.21,33466.1,76517157706.0,1611817200
865,34318.67,38406.26,32064.81,34316.39,117894572511.0,1611903600
866,34295.93,34834.71,32940.19,34269.52,65141828798.0,1611990000
867,34270.88,34288.33,32270.18,33114.36,52754542671.0,1612076400
868,33114.58,34638.21,32384.23,33537.18,61400400660.0,1612162800
869,33533.2,35896.88,33489.22,35510.29,63088585433.0,1612249200
870,35510.82,37480.19,35443.98,37472.09,61166818159.0,1612335600
871,37475.11,38592.18,36317.5,36926.07,68838074392.0,1612422000
872,36931.55,38225.91,36658.76,38144.31,58598066402.0,1612508400
873,38138.39,40846.55,38138.39,39266.01,71326033653.0,1612594800
874,39250.19,39621.84,37446.15,38903.44,65500641143.0,1612681200
875,38886.83,46203.93,38076.32,46196.46,101467222687.0,1612767600
876,46184.99,48003.72,45166.96,46481.11,91809846886.0,1612854000
877,46469.76,47145.57,43881.15,44918.18,87301089896.0,1612940400
878,44898.71,48463.47,44187.76,47909.33,81388911810.0,1613026800
879,47877.04,48745.73,46424.98,47504.85,76555041196.0,1613113200
880,47491.2,48047.75,46392.28,47105.52,70250456155.0,1613199600
881,47114.51,49487.64,47114.51,48717.29,71248675228.0,1613286000
882,48696.54,48875.57,46347.48,47945.06,77069903166.0,1613372400
883,47944.46,50341.1,47201.3,49199.87,77049582886.0,1613458800
884,49207.28,52533.91,49072.38,52149.01,80820545404.0,1613545200
885,52140.97,52474.11,51015.77,51679.8,52054723579.0,1613631600
886,51675.98,56113.65,50937.28,55888.13,63495496918.0,1613718000
887,55887.34,57505.23,54626.56,56099.52,68145460026.0,1613804400
888,56068.57,58330.57,55672.61,57539.95,51897585191.0,1613890800
889,57532.74,57533.39,48967.57,54207.32,92052420332.0,1613977200
890,54204.93,54204.93,45290.59,48824.43,106102492824.0,1614063600
891,48835.09,51290.14,47213.5,49705.33,63695521388.0,1614150000
892,49709.08,51948.97,47093.85,47093.85,54506565949.0,1614236400
893,47180.46,48370.79,44454.84,46339.76,350967941479.0,1614322800
894,46344.77,48253.27,45269.03,46188.45,45910946382.0,1614409200
895,46194.02,46716.43,43241.62,45137.77,53443887451.0,1614495600
896,45159.5,49784.02,45115.09,49631.24,53891300112.0,1614582000
897,49612.11,50127.51,47228.84,48378.99,47530897720.0,1614668400
898,48415.82,52535.14,48274.32,50538.24,53220811975.0,1614754800
899,50522.3,51735.09,47656.93,48561.17,52343816680.0,1614841200
900,48527.03,49396.43,46542.52,48927.3,48625928883.0,1614927600
901,48899.23,49147.22,47257.53,48912.38,34363564661.0,1615014000
902,48918.68,51384.37,48918.68,51206.69,43137459378.0,1615100400
903,51174.12,52314.07,49506.05,52246.52,48597428048.0,1615186800
904,52272.97,54824.12,51981.83,54824.12,50912227385.0,1615273200
905,54824.01,57258.25,53290.89,56008.55,57295577614.0,1615359600
906,55963.18,58091.06,54484.59,57805.12,56772343595.0,1615446000
907,57821.22,57996.62,55376.65,57332.09,55689944702.0,1615532400
908,57343.37,61683.86,56217.97,61243.09,60669829814.0,1615618800
909,61221.13,61597.92,59302.32,59302.32,43901225564.0,1615705200
910,59267.43,60540.99,55393.16,55907.2,66419369890.0,1615791600
911,55840.79,56833.18,53555.03,56804.9,59749798599.0,1615878000
912,56825.83,58969.82,54528.63,58870.89,60258313191.0,1615964400
913,58893.08,60116.25,54253.58,57858.92,55746041000.0,1616050800
914,57850.44,59498.38,56643.7,58346.65,49063873786.0,1616137200
915,58332.26,60031.29,58213.3,58313.64,50361731222.0,1616223600
916,58309.91,58767.9,56005.62,57523.42,51943414539.0,1616310000
917,57517.89,58471.48,54288.16,54529.14,56521454974.0,1616396400
918,54511.66,55985.44,53470.7,54738.95,56435023914.0,1616482800
919,54710.49,57262.38,52514.33,52774.27,70567223787.0,1616569200
920,52726.75,53392.39,50856.57,51704.16,67999812841.0,1616655600
921,51683.01,55137.31,51579.86,55137.31,56652197978.0,1616742000
922,55137.57,56568.21,54242.91,55973.51,47266542233.0,1616828400
923,55974.94,56610.31,55071.11,55950.75,47686580918.0,1616914800
924,55947.9,58342.1,55139.34,57750.2,57625587027.0,1617001200
925,57750.13,59447.22,57251.55,58917.69,54414116432.0,1617087600
926,58930.28,59930.03,57726.42,58918.83,65520826225.0,1617174000
927,58926.56,59586.07,58505.28,59095.81,61669163792.0,1617260400
928,59098.88,60267.19,58869.28,59384.31,58727860620.0,1617346800
929,59397.41,60110.27,57603.89,57603.89,59641344484.0,1617433200
930,57604.84,58913.75,57168.68,58758.55,50749662970.0,1617519600
931,58760.88,59891.3,57694.82,59057.88,60706272115.0,1617606000
932,59171.93,59479.58,57646.81,58192.36,66058027988.0,1617692400
933,58186.51,58731.14,55604.02,56048.94,75645303584.0,1617778800
934,56099.91,58338.74,55879.09,58323.95,53053855641.0,1617865200
935,58326.56,58937.05,57807.86,58245.0,46655208546.0,1617951600
936,58253.78,61276.66,58038.71,59793.23,58238470525.0,1618038000
937,59846.23,60790.55,59289.8,60204.96,46280252580.0,1618124400
938,60175.95,61253.04,59589.88,59893.45,51828688519.0,1618210800
939,59890.02,63742.29,59869.96,63503.46,69983454362.0,1618297200
940,63523.75,64863.1,61554.8,63109.7,77451779687.0,1618383600
941,63075.2,63821.67,62208.96,63314.01,60954381579.0,1618470000
942,63258.5,63594.72,60222.53,61572.79,84293007468.0,1618556400
943,61529.92,62572.18,60361.35,60683.82,66138759198.0,1618642800
944,60701.89,61057.46,52829.54,56216.18,97468872758.0,1618729200
945,56191.59,57520.05,54368.59,55724.27,65344865159.0,1618815600
946,55681.79,57062.15,53448.05,56473.03,67849323955.0,1618902000
947,56471.13,56757.97,53695.47,53906.09,54926612466.0,1618988400
948,53857.11,55410.23,50583.81,51762.27,74798630778.0,1619074800
949,51739.81,52120.79,47714.66,51093.65,86668667320.0,1619161200
950,51143.23,51167.56,48805.29,50050.87,49014494781.0,1619247600
951,50052.83,50506.02,47159.48,49004.25,46117114240.0,1619334000
952,49077.79,54288.0,48852.8,54021.75,58284039825.0,1619420400
953,54030.3,55416.96,53319.19,55033.12,49448222757.0,1619506800
954,55036.64,56227.21,53887.92,54824.7,48000572955.0,1619593200
955,54858.09,55115.84,52418.03,53555.11,46088929780.0,1619679600
956,53568.66,57900.72,53129.6,57750.18,52395931985.0,1619766000
957,57714.66,58448.34,57052.27,57828.05,42836427360.0,1619852400
958,57825.86,57902.59,56141.91,56631.08,38177405335.0,1619938800
959,56620.27,58973.31,56590.87,57200.29,51713139031.0,1620025200
960,57214.18,57214.18,53191.43,53333.54,68564706967.0,1620111600
961,53252.16,57911.36,52969.05,57424.01,69241316747.0,1620198000
962,57441.31,58363.32,55382.51,56396.52,69523285106.0,1620284400
963,56413.95,58606.63,55321.85,57356.4,68434023376.0,1620370800
964,57352.77,59464.61,56975.21,58803.78,65382980634.0,1620457200
965,58877.39,59210.88,56482.0,58232.32,65906690347.0,1620543600
966,58250.87,59519.36,54071.46,55859.8,71776546298.0,1620630000
967,55847.24,56872.54,54608.65,56704.57,61308396325.0,1620716400
968,56714.53,57939.36,49150.54,49150.54,75215403907.0,1620802800
969,49735.43,51330.84,46980.02,49716.19,96721152926.0,1620889200
970,49682.98,51438.12,48868.58,49880.54,55737497453.0,1620975600
971,49855.5,50639.66,46664.14,46760.19,59161047474.0,1621062000
972,46716.64,49720.04,43963.35,46456.06,64047871555.0,1621148400
973,46415.9,46623.56,42207.29,43537.51,74903638450.0,1621234800
974,43488.06,45812.46,42367.83,42909.4,56187365084.0,1621321200
975,42944.98,43546.12,30681.5,37002.44,126358098747.0,1621407600
976,36753.67,42462.98,35050.62,40782.74,88281943359.0,1621494000
977,40596.95,42172.17,33616.45,37304.69,82051616861.0,1621580400
978,37371.03,38831.05,35383.68,37536.63,57377273240.0,1621666800
979,37531.45,38289.22,31227.34,34770.58,78469274361.0,1621753200
980,34700.36,39835.14,34551.08,38705.98,67359584098.0,1621839600
981,38795.78,39776.35,36581.43,38402.22,56211915803.0,1621926000
982,38392.63,40782.08,37905.84,39294.2,51346735160.0,1622012400
983,39316.89,40379.62,37247.9,38436.97,43210968721.0,1622098800
984,38507.08,38856.97,34779.04,35697.61,55200191952.0,1622185200
985,35684.16,37234.5,33693.93,34616.07,45231013335.0,1622271600
986,34607.41,36400.67,33520.74,35678.13,31646080921.0,1622358000
987,35658.59,37468.25,34241.95,37332.86,39009847639.0,1622444400
988,37293.79,37896.73,35787.09,36684.93,34639423297.0,1622530800
989,36699.92,38231.34,35966.31,37575.18,33070867190.0,1622617200
990,37599.41,39478.95,37243.97,39208.77,35460750427.0,1622703600
991,39242.48,39242.48,35717.72,36894.41,41831090187.0,1622790000
992,36880.16,37917.71,34900.41,35551.96,35959473399.0,1622876400
993,35538.61,36436.42,35304.58,35862.38,28913440585.0,1622962800
994,35835.27,36790.57,33480.64,33560.71,33683936663.0,1623049200
995,33589.52,34017.39,31114.44,33472.63,49902050442.0,1623135600
996,33416.98,37537.37,32475.87,37345.12,53972919008.0,1623222000
997,37389.52,38334.32,35847.59,36702.6,43576032854.0,1623308400
998,36697.03,37608.7,36044.45,37334.4,38699736985.0,1623394800
999,37340.14,37408.93,34728.19,35552.52,37924228550.0,1623481200
1000,35555.79,39322.78,34864.11,39097.86,40669112838.0,1623567600
1001,39016.97,40978.36,38757.29,40218.48,43148914673.0,1623654000
1002,40427.17,41295.27,39609.47,40406.27,46420149185.0,1623740400
1003,40168.69,40516.78,38176.04,38347.06,39211635100.0,1623826800
1004,38341.42,39513.67,37439.68,38053.5,37096670047.0,1623913200
1005,38099.48,38187.26,35255.86,35787.25,36200887275.0,1623999600
1006,35854.53,36457.8,34933.06,35615.87,31207279719.0,1624086000
1007,35563.14,36059.48,33432.07,35698.3,36664034054.0,1624172400
1008,35641.14,35721.64,31295.94,31676.69,52809038594.0,1624258800
1009,31622.38,33292.45,28893.62,32505.66,58964353058.0,1624345200
1010,32515.71,34753.41,31772.63,33723.03,46317108925.0,1624431600
1011,33682.8,35228.85,32385.21,34662.44,33123368116.0,1624518000
1012,34659.11,35487.25,31350.88,31637.78,40230904226.0,1624604400
1013,31594.66,32637.59,30184.5,32186.28,38585385521.0,1624690800
1014,32287.52,34656.13,32071.76,34649.64,35511640894.0,1624777200
1015,34679.12,35219.89,33902.07,34434.34,33892523752.0,1624863600
1016,34475.56,36542.11,34252.48,35867.78,37901460044.0,1624950000
1017,35908.39,36074.76,34086.15,35040.84,34059036099.0,1625036400
1018,35035.98,35035.98,32883.78,33572.12,37838957079.0,1625122800
1019,33549.6,33939.59,32770.68,33897.05,38728974942.0,1625209200
1020,33854.42,34909.26,33402.7,34668.55,24383958643.0,1625295600
1021,34665.57,35937.57,34396.48,35287.78,24924307911.0,1625382000
1022,35284.34,35284.34,33213.66,33746.0,26721554282.0,1625468400
1023,33723.51,35038.54,33599.92,34235.2,26501259870.0,1625554800
1024,34225.68,34997.66,33839.29,33855.33,24796027477.0,1625641200
1025,33889.61,33907.91,32133.18,32877.37,29910396946.0,1625727600
1026,32861.67,34042.29,32318.88,33798.01,27436021028.0,1625814000
1027,33811.24,34209.07,33116.01,33520.52,22971873468.0,1625900400
1028,33509.08,34584.7,33346.74,34240.19,20108729370.0,1625986800
1029,34254.02,34592.16,32697.31,33155.85,24321499537.0,1626073200
1030,33125.47,33327.1,32261.42,32702.03,19120856669.0,1626159600
1031,32723.85,33061.4,31639.13,32822.35,21376531210.0,1626246000
1032,32827.88,33159.64,31175.71,31780.73,21300524237.0,1626332400
1033,31841.55,32218.41,31100.67,31421.54,23699476918.0,1626418800
1034,31397.31,31935.95,31223.99,31533.07,18895018942.0,1626505200
1035,31533.88,32399.0,31215.49,31796.81,18787986667.0,1626591600
1036,31800.01,31885.86,30563.73,30817.83,20434789545.0,1626678000
1037,30838.29,31006.19,29360.96,29807.35,23148267245.0,1626764400
1038,29796.29,32752.33,29526.18,32110.69,28203024559.0,1626850800
1039,32138.87,32576.4,31745.3,32313.11,19555230518.0,1626937200
1040,32305.96,33581.55,32057.89,33581.55,22552046192.0,1627023600
1041,33593.73,34490.39,33424.86,34292.45,21664706865.0,1627110000
1042,34290.29,35364.93,33881.84,35350.19,20856685287.0,1627196400
1043,35384.03,40499.68,35287.31,37337.54,51022126212.0,1627282800
1044,37276.04,39406.94,36441.73,39406.94,35097370560.0,1627369200
1045,39503.19,40816.07,38862.44,39995.91,38702404695.0,1627455600
1046,39995.45,40593.07,39352.06,40008.42,27167146027.0,1627542000
1047,40027.48,42235.55,38397.36,42235.55,33072782960.0,1627628400
1048,42196.3,42231.45,41110.83,41626.2,25802845343.0,1627714800
1049,41460.84,42541.68,39540.94,39974.89,26688438115.0,1627801200
1050,39907.26,40419.18,38746.35,39201.95,25595265436.0,1627887600
1051,39178.4,39750.03,37782.05,38152.98,26189830450.0,1627974000
1052,38213.33,39952.3,37589.16,39747.5,25372562724.0,1628060400
1053,39744.52,41341.93,37458.0,40869.55,35185031017.0,1628146800
1054,40865.87,43271.66,39932.18,42816.5,38226483046.0,1628233200
1055,42832.8,44689.86,42618.57,44555.8,40030862141.0,1628319600
1056,44574.44,45282.35,43331.91,43798.12,36302664750.0,1628406000
1057,43791.93,46456.83,42848.69,46365.4,38734079049.0,1628492400
1058,46280.85,46637.99,44705.55,45585.03,33546019517.0,1628578800
1059,45599.7,46735.63,45351.71,45593.64,34319709073.0,1628665200
1060,45576.88,46228.91,43861.45,44428.29,33723620826.0,1628751600
1061,44439.69,47831.98,44282.42,47793.32,31744259539.0,1628838000
1062,47810.69,48098.68,46177.63,47096.95,31211354442.0,1628924400
1063,47096.67,47357.11,45579.59,47047.0,30988958446.0,1629010800
1064,47019.96,47998.1,45700.32,46004.48,32776876610.0,1629097200
1065,45936.46,47139.57,44512.42,44695.36,33451362600.0,1629183600
1066,44686.75,45952.06,44364.03,44801.19,32194123075.0,1629270000
1067,44741.88,46970.76,43998.32,46717.58,37204312299.0,1629356400
1068,46723.12,49342.15,46650.71,49339.18,34706867452.0,1629442800
1069,49327.07,49717.02,48312.2,48905.49,40585205312.0,1629529200
1070,48869.11,49471.61,48199.94,49321.65,25370975378.0,1629615600
1071,49291.68,50482.08,49074.61,49546.15,34305053719.0,1629702000
1072,49562.35,49878.77,47687.12,47706.12,35361168834.0,1629788400
1073,47727.26,49202.88,47163.61,48960.79,32646349931.0,1629874800
1074,49002.64,49347.58,46405.78,46942.22,32666549568.0,1629961200
1075,46894.55,49112.79,46394.28,49058.67,34511076995.0,1630047600
1076,49072.59,49283.5,48499.24,48902.4,28568103401.0,1630134000
1077,48911.25,49644.11,47925.86,48829.83,25889650240.0,1630220400
1078,48834.85,48925.61,46950.27,47054.98,31847007016.0,1630306800
1079,47024.34,48189.55,46750.09,47166.69,34730363427.0,1630393200
1080,47099.77,49111.09,46562.44,48847.03,39139399125.0,1630479600
1081,48807.85,50343.42,48652.32,49327.72,39508070319.0,1630566000
1082,49288.25,50982.27,48386.09,50025.38,43206179619.0,1630652400
1083,50009.32,50545.58,49548.78,49944.63,37471327794.0,1630738800
1084,49937.86,51868.68,49538.6,51753.41,30322676319.0,1630825200
1085,51769.0,52700.94,51053.68,52633.54,38884105426.0,1630911600
1086,52660.48,52853.77,43285.21,46811.13,65210059683.0,1630998000
1087,46827.76,47334.05,44561.39,46091.39,49007762488.0,1631084400
1088,45774.74,47261.95,45669.74,46391.42,38672657013.0,1631170800
1089,46396.66,47031.74,44344.48,44883.91,39154666597.0,1631257200
1090,44869.84,45969.29,44818.27,45201.46,34499835245.0,1631343600
1091,45206.63,46364.88,44790.46,46063.27,27881980161.0,1631430000
1092,46057.21,46598.68,43591.32,44963.07,40969943253.0,1631516400
1093,44960.05,47218.13,44752.33,47092.49,38652152880.0,1631602800
1094,47098.0,48450.47,46773.33,48176.35,30484496466.0,1631689200
1095,48158.91,48486.83,47079.56,47783.36,31764293754.0,1631775600
1096,47771.0,48160.92,46832.52,47267.52,28727713711.0,1631862000
1097,47273.53,48791.78,47087.29,48278.36,28575630451.0,1631948400
1098,48268.86,48328.37,46919.8,47260.22,26967722648.0,1632034800
1099,47261.41,47328.2,42598.91,42843.8,43909845642.0,1632121200
1100,43012.23,43607.61,39787.61,40693.68,48701090088.0,1632207600
1101,40677.95,43978.62,40625.63,43574.51,38139709246.0,1632294000
1102,43560.3,44942.18,43109.34,44895.1,34244064430.0,1632380400
1103,44894.3,45080.49,40936.56,42839.75,42839345714.0,1632466800
1104,42840.89,42996.26,41759.92,42716.59,31604717236.0,1632553200
1105,42721.63,43919.3,40848.46,43208.54,30661222077.0,1632639600
1106,43234.18,44313.25,42190.63,42235.73,30980029059.0,1632726000
1107,42200.9,42775.14,40931.66,41034.54,30214940550.0,1632812400
1108,41064.98,42545.26,40829.67,41564.36,30602359905.0,1632898800
1109,41551.27,44092.6,41444.58,43790.89,31141681925.0,1632985200
1110,43816.74,48436.01,43320.02,48116.94,42850641582.0,1633071600
1111,48137.47,48282.06,47465.5,47711.49,30614346492.0,1633158000
1112,47680.03,49130.69,47157.29,48199.95,26638115879.0,1633244400
1113,48208.91,49456.78,47045.0,49112.9,33383173002.0,1633330800
1114,49174.96,51839.98,49072.84,51514.81,35873904236.0,1633417200
1115,51486.66,55568.46,50488.19,55361.45,49034730168.0,1633503600
1116,55338.63,55338.63,53525.47,53805.98,36807860413.0,1633590000
1117,53802.14,55922.98,53688.05,53967.85,34800873924.0,1633676400
1118,53929.78,55397.95,53735.14,54968.22,32491211414.0,1633762800
1119,54952.82,56401.3,54264.26,54771.58,39527792364.0,1633849200
1120,54734.13,57793.04,54519.77,57484.79,42637331698.0,1633935600
1121,57526.83,57627.88,54477.97,56041.06,41083758949.0,1634022000
1122,56038.26,57688.66,54370.97,57401.1,41684252783.0,1634108400
1123,57372.83,58478.73,56957.07,57321.52,36615791366.0,1634194800
1124,57345.9,62757.13,56868.14,61593.95,51780081801.0,1634281200
1125,61609.53,62274.48,60206.12,60892.18,34250964237.0,1634367600
1126,60887.65,61645.52,59164.47,61553.62,29032367511.0,1634454000
1127,61548.8,62614.66,60012.76,62026.08,38055562075.0,1634540400
1128,62043.16,64434.54,61622.93,64261.99,40471196346.0,1634626800
1129,64284.59,66930.39,63610.68,65992.84,40788955582.0,1634713200
1130,66002.23,66600.55,62117.41,62210.17,45908121370.0,1634799600
1131,62237.89,63715.02,60122.8,60692.27,38434082775.0,1634886000
1132,60694.63,61743.88,59826.52,61393.62,26882546034.0,1634972400
1133,61368.34,61505.8,59643.34,60930.84,27316183882.0,1635058800
1134,60893.93,63729.32,60691.8,63039.82,31064911614.0,1635145200
1135,63032.76,63229.03,59991.16,60363.79,34878965587.0,1635231600
1136,60352.0,61435.18,58208.19,58482.39,43657076893.0,1635318000
1137,58470.73,62128.63,58206.92,60622.14,45257083247.0,1635404400
1138,60624.87,62927.61,60329.96,62227.96,36856881767.0,1635490800
1139,62239.36,62330.14,60918.39,61888.83,32157938616.0,1635577200
1140,61850.49,62406.17,60074.33,61318.96,32241199927.0,1635663600
1141,61320.45,62419.0,59695.18,61004.41,36150572843.0,1635750000
1142,60963.25,64242.79,60673.05,63226.4,37746665647.0,1635836400
1143,63254.34,63516.94,61184.24,62970.05,36124731509.0,1635922800
1144,62941.8,63123.29,60799.66,61452.23,32615846901.0,1636009200
1145,61460.08,62541.47,60844.61,61125.68,30605102446.0,1636095600
1146,61068.88,61590.68,60163.78,61527.48,29094934221.0,1636182000
1147,61554.92,63326.99,61432.49,63326.99,24726754302.0,1636268400
1148,63344.07,67673.74,63344.07,67566.83,41125608330.0,1636354800
1149,67549.73,68530.34,66382.06,66971.83,42357991721.0,1636441200
1150,66953.34,68789.63,63208.11,64995.23,48730828378.0,1636527600
1151,64978.89,65579.02,64180.49,64949.96,35880633236.0,1636614000
1152,64863.98,65460.82,62333.91,64155.94,36084893887.0,1636700400
1153,64158.12,64915.68,63303.73,64469.53,30474228777.0,1636786800
1154,64455.37,65495.18,63647.81,65466.84,25122092191.0,1636873200
1155,65521.29,66281.57,63548.14,63557.87,30558763548.0,1636959600
1156,63721.2,63721.2,59016.34,60161.25,46844335592.0,1637046000
1157,60139.62,60823.61,58515.41,60368.01,39178392930.0,1637132400
1158,60360.14,60948.5,56550.79,56942.14,41388338699.0,1637218800
1159,56896.13,58351.11,55705.18,58119.58,38702407772.0,1637305200
1160,58115.08,59859.88,57469.73,59697.2,30624264863.0,1637391600
1161,59730.51,60004.43,58618.93,58730.48,26123447605.0,1637478000
1162,58706.85,59266.36,55679.84,56289.29,35036121783.0,1637564400
1163,56304.55,57875.52,55632.76,57569.07,37485803899.0,1637650800
1164,57565.85,57803.07,55964.22,56280.43,36635566789.0,1637737200
1165,57165.42,59367.97,57146.68,57274.68,34284016248.0,1637823600
1166,58960.29,59183.48,53569.77,53569.77,41810748221.0,1637910000
1167,53736.43,55329.26,53668.36,54815.08,30560857714.0,1637996400
1168,54813.02,57393.84,53576.73,57248.46,28116886357.0,1638082800
1169,57291.91,58872.88,56792.53,57806.57,32370840356.0,1638169200
1170,57830.11,59113.4,56057.28,57005.43,36708594618.0,1638255600
1171,56907.96,59041.68,56553.08,57229.83,36858195307.0,1638342000
1172,57217.37,57349.23,55895.13,56477.82,32379968686.0,1638428400
1173,56509.16,57482.17,52496.59,53598.25,39789134215.0,1638514800
1174,53727.88,53904.68,42874.62,49200.7,61385677469.0,1638601200
1175,49201.52,49768.15,47857.5,49368.85,37198201161.0,1638687600
1176,49413.48,50929.52,47281.04,50582.63,37707308001.0,1638774000
1177,50581.83,51934.78,50175.81,50700.09,33676814852.0,1638860400
1178,50667.65,51171.38,48765.99,50504.8,28479699446.0,1638946800
1179,50450.08,50797.16,47358.35,47672.12,29603577251.0,1639033200
1180,47642.14,50015.25,47023.7,47243.3,30966005122.0,1639119600
1181,47264.63,49458.21,46942.35,49362.51,25775869261.0,1639206000
1182,49354.86,50724.87,48725.85,50098.34,21939223599.0,1639292400
1183,50114.74,50205.0,45894.85,46737.48,32166727776.0,1639378800
1184,46709.82,48431.4,46424.5,46612.63,34638619079.0,1639465200
1185,48379.75,49473.96,46671.96,48896.72,36541828520.0,1639551600
1186,48900.46,49425.57,47529.88,47665.43,27268150947.0,1639638000
1187,47653.73,48004.89,45618.21,46202.14,32902725329.0,1639724400
1188,46219.25,47313.83,45598.44,46848.78,26098292690.0,1639810800
1189,46853.87,48089.66,46502.95,46707.02,25154053861.0,1639897200
1190,46707.06,47401.72,45579.81,46880.28,30961902129.0,1639983600
1191,46886.08,49300.92,46698.77,48936.61,27055803928.0,1640070000
1192,48937.1,49544.8,48450.94,48628.51,24447979559.0,1640156400
1193,48626.34,51332.34,48065.84,50784.54,28223878108.0,1640242800
1194,50806.05,51814.03,50514.5,50822.2,24367912228.0,1640329200
1195,50854.92,51176.6,50236.71,50429.86,19030650914.0,1640415600
1196,50428.69,51196.38,49623.11,50809.52,20964372926.0,1640502000
1197,50802.61,51956.33,50499.47,50640.42,24324345758.0,1640588400
1198,50679.86,50679.86,47414.21,47588.86,33430376883.0,1640674800
1199,47623.87,48119.74,46201.5,46444.71,30049226299.0,1640761200
1200,46490.61,47879.96,46060.31,47178.13,26686491018.0,1640847600
1201,47169.37,48472.53,45819.95,46306.45,36974172400.0,1640934000
1202,46311.75,47827.31,46288.48,47686.81,24582667004.0,1641020400
1203,47680.93,47881.41,46856.94,47345.22,27951569547.0,1641106800
1204,47343.54,47510.73,45835.96,46458.12,33071628362.0,1641193200
1205,46458.85,47406.55,45752.46,45897.57,42494677905.0,1641279600
1206,45899.36,46929.05,42798.22,43569.0,36851084859.0,1641366000
1207,43565.51,43748.72,42645.54,43160.93,30208048289.0,1641452400
1208,43153.57,43153.57,41077.45,41557.9,84196607520.0,1641538800
1209,41561.46,42228.94,40672.28,41733.94,28066355845.0,1641625200
1210,41734.73,42663.95,41338.16,41911.6,21294384372.0,1641711600
1211,41910.23,42199.48,39796.57,41821.26,32104232331.0,1641798000
1212,41819.51,43001.16,41407.75,42735.86,26327648900.0,1641884400
1213,42742.18,44135.37,42528.99,43949.1,33499938689.0,1641970800
1214,43946.74,44278.42,42447.04,42591.57,47691135082.0,1642057200
1215,42598.87,43346.69,41982.62,43099.7,23577403399.0,1642143600
1216,43101.9,43724.67,42669.04,43177.4,18371348298.0,1642230000
1217,43172.04,43436.81,42691.02,43113.88,17902097845.0,1642316400
1218,43118.12,43179.39,41680.32,42250.55,21690904261.0,1642402800
1219,42250.07,42534.4,41392.21,42375.63,22417209227.0,1642489200
1220,42374.04,42478.3,41242.91,41744.33,23091543258.0,1642575600
1221,41744.03,43413.02,40672.82,40680.42,20382033940.0,1642662000
1222,40699.61,41060.53,35791.43,36457.32,43011992031.0,1642748400
1223,36471.59,36688.81,34349.25,35030.25,39714385405.0,1642834800
1224,35047.36,36433.31,34784.97,36276.8,26017975951.0,1642921200
1225,36275.73,37247.52,33184.06,36654.33,41856658597.0,1643007600
1226,36654.8,37444.57,35779.43,36954.0,26428189594.0,1643094000
1227,36950.52,38825.41,36374.91,36852.12,31324598034.0,1643180400
1228,36841.88,37148.32,35629.28,37138.23,25041426629.0,1643266800
1229,37128.45,37952.88,36211.11,37784.33,22238830523.0,1643353200
1230,37780.71,38576.26,37406.47,38138.18,17194183075.0,1643439600
1231,38151.92,38266.34,37437.71,37917.6,14643548444.0,1643526000
1232,37920.28,38647.26,36733.57,38483.13,20734730465.0,1643612400
1233,38481.77,39115.13,38113.66,38743.27,20288500328.0,1643698800
1234,38743.71,38834.62,36832.73,36952.98,19155189416.0,1643785200
1235,36944.8,37154.6,36375.54,37154.6,18591534769.0,1643871600
1236,37149.27,41527.79,37093.63,41500.88,29412210792.0,1643958000
1237,41501.48,41847.16,41038.1,41441.16,19652846215.0,1644044400
1238,41441.12,42500.79,41244.91,42412.43,16142097334.0,1644130800
1239,42406.78,44401.86,41748.16,43840.29,28641855926.0,1644217200
1240,43854.65,45293.87,42807.84,44118.45,33079398868.0,1644303600
1241,44096.7,44727.8,43232.97,44338.8,23245887300.0,1644390000
1242,44347.8,45661.17,43402.81,43565.11,32142048537.0,1644476400
1243,43571.13,43810.83,42114.54,42407.94,26954925781.0,1644562800
1244,42412.3,42992.55,41852.57,42244.47,18152390304.0,1644649200
1245,42236.57,42693.05,41950.94,42197.52,14741589015.0,1644735600
1246,42157.4,42775.78,41681.96,42586.92,20827783012.0,1644822000
1247,42586.46,44667.22,42491.04,44575.2,22721659051.0,1644908400
1248,44578.28,44578.28,43456.69,43961.86,19792547657.0,1644994800
1249,43937.07,44132.97,40249.37,40538.01,26246662813.0,1645081200
1250,40552.13,40929.15,39637.62,40030.98,23310007704.0,1645167600
1251,40026.02,40418.88,39713.06,40122.16,13736557863.0,1645254000
1252,40118.1,40119.89,38112.81,38431.38,18340576452.0,1645340400
1253,38423.21,39394.44,36950.48,37075.28,29280402798.0,1645426800
1254,37068.77,38359.86,36488.93,38286.03,25493150450.0,1645513200
1255,38285.28,39122.39,37201.82,37296.57,21849073843.0,1645599600
1256,37278.57,38968.84,34459.22,38332.61,46383802093.0,1645686000
1257,38333.75,39630.32,38111.34,39214.22,26545599159.0,1645772400
1258,39213.08,40005.35,38702.54,39105.15,17467554129.0,1645858800
1259,39098.7,39778.94,37268.98,37709.79,23450127612.0,1645945200
1260,37706.0,43760.46,37518.21,43193.23,35690014104.0,1646031600
1261,43194.5,44793.6,42952.59,44354.64,32479047645.0,1646118000
1262,44357.62,45077.58,43432.85,43924.12,29183112630.0,1646204400
1263,43925.2,44021.58,41914.75,42451.79,24967782593.0,1646290800
1264,42458.14,42479.61,38805.85,39137.61,28516271427.0,1646377200
1265,39148.45,39566.34,38777.04,39400.59,16975917450.0,1646463600
1266,39404.2,39640.18,38211.65,38419.98,19745229902.0,1646550000
1267,38429.3,39430.23,37260.2,38062.04,28546143503.0,1646636400
1268,38059.9,39304.44,37957.39,38737.27,25776583476.0,1646722800
1269,38742.82,42465.67,38706.09,41982.93,32284121034.0,1646809200
1270,41974.07,42004.73,38832.94,39437.46,31078064711.0,1646895600
1271,39439.97,40081.68,38347.43,38794.97,26364890465.0,1646982000
1272,38794.46,39308.6,38772.54,38904.01,14616450657.0,1647068400
1273,38884.73,39209.35,37728.14,37849.66,17300745310.0,1647154800
1274,37846.32,39742.5,37680.73,39666.75,24322159070.0,1647241200
1275,39664.25,39794.63,38310.21,39338.79,23934000868.0,1647327600
1276,39335.57,41465.45,39022.35,41143.93,39616916192.0,1647414000
1277,41140.84,41287.54,40662.87,40951.38,22009601093.0,1647500400
1278,40944.84,42195.75,40302.4,41801.16,34421564942.0,1647586800
1279,41794.65,42316.55,41602.67,42190.65,19664853187.0,1647673200
1280,42191.41,42241.16,41004.76,41247.82,20127946682.0,1647759600
1281,41246.13,41454.41,40668.04,41078.0,24615543271.0,1647846000
1282,41074.11,43124.71,40948.28,42358.81,32004652376.0,1647932400
1283,42364.38,42893.51,41877.51,42892.96,25242943069.0,1648018800
1284,42886.65,44131.86,42726.16,43960.93,31042992291.0,1648105200
1285,43964.55,44999.49,43706.29,44348.73,30574413034.0,1648191600
1286,44349.86,44736.0,44166.27,44500.83,16950455995.0,1648278000
1287,44505.36,46827.55,44437.29,46820.49,28160889722.0,1648364400
1288,46821.85,48086.84,46690.2,47128.0,36362175703.0,1648450800
1289,47100.44,48022.29,47100.44,47465.73,31397059069.0,1648537200
1290,47456.9,47655.15,46746.21,47062.66,29333883962.0,1648623600
1291,47062.15,47512.03,45390.54,45538.68,33327427106.0,1648710000
1292,45554.16,46616.24,44403.14,46281.64,38162644287.0,1648796400
1293,46285.5,47028.28,45782.51,45868.95,29336594194.0,1648882800
1294,45859.13,47313.48,45634.11,46453.57,25414397610.0,1648969200
1295,46445.27,46791.09,45235.82,46622.68,32499785455.0,1649055600
1296,46624.51,47106.14,45544.81,45555.99,29640604055.0,1649142000
1297,45544.36,45544.36,43193.95,43206.74,39393395788.0,1649228400
1298,43207.5,43860.7,42899.91,43503.85,26101973106.0,1649314800
1299,43505.14,43903.02,42183.29,42287.66,27215995394.0,1649401200
1300,42282.08,42786.82,42183.25,42782.14,16050772496.0,1649487600
1301,42781.09,43376.38,42021.21,42207.67,17654475582.0,1649574000
1302,42201.04,42424.59,39373.06,39521.9,33949912166.0,1649660400
1303,39533.71,40617.59,39388.33,40127.18,30991500854.0,1649746800
1304,40123.57,41430.05,39712.75,41166.73,27691105228.0,1649833200
1305,41160.22,41451.48,39695.75,39935.52,24342001973.0,1649919600
1306,39939.4,40617.72,39866.83,40553.46,21756855753.0,1650006000
1307,40552.32,40633.68,40078.43,40424.48,16833150693.0,1650092400
1308,40417.78,40570.73,39620.89,39716.95,19087633042.0,1650178800
1309,39721.2,40986.32,38696.19,40826.21,33705182072.0,1650265200
1310,40828.18,41672.96,40618.63,41502.75,25303206547.0,1650351600
1311,41501.75,42126.3,40961.1,41374.38,27819532341.0,1650438000
1312,41371.52,42893.58,40063.83,40527.36,35372786395.0,1650524400
1313,40525.86,40777.76,39315.42,39740.32,28011716745.0,1650610800
1314,39738.72,39935.86,39352.2,39486.73,16138021249.0,1650697200
1315,39478.38,39845.93,39233.54,39469.29,17964398167.0,1650783600
1316,39472.61,40491.75,38338.38,40458.31,35445730570.0,1650870000
1317,40448.42,40713.89,37884.98,38117.46,34569088416.0,1650956400
1318,38120.3,39397.92,37997.31,39241.12,30981015184.0,1651042800
1319,39241.43,40269.46,38941.42,39773.83,33903704907.0,1651129200
1320,39768.62,39887.27,38235.54,38609.82,30882994649.0,1651215600
1321,38605.86,38771.21,37697.94,37714.88,23895713731.0,1651302000
1322,37713.27,38627.86,37585.79,38469.09,27002760110.0,1651388400
1323,38472.19,39074.97,38156.56,38529.33,32922642426.0,1651474800
1324,38528.11,38630.0,37585.62,37750.45,27326943244.0,1651561200
1325,37748.01,39902.95,37732.06,39698.37,36754404490.0,1651647600
1326,39695.75,39789.28,35856.52,36575.14,43106256317.0,1651734000
1327,36573.18,36624.36,35482.13,36040.92,37795577489.0,1651820400
1328,36042.5,36129.93,34940.82,35501.95,24375896406.0,1651906800
1329,35502.94,35502.94,33878.96,34059.27,36763041910.0,1651993200
1330,34060.02,34222.07,30296.95,30296.95,63355494961.0,1652079600
1331,30273.65,32596.31,29944.8,31022.91,59811038817.0,1652166000
1332,31016.18,32013.4,28170.41,28936.36,70388855818.0,1652252400
1333,28936.73,30032.44,26350.49,29047.75,66989173272.0,1652338800
1334,29030.91,30924.8,28782.33,29283.1,42841124537.0,1652425200
1335,29285.64,30192.8,28702.91,30101.27,28579868620.0,1652511600
1336,30098.59,31308.19,29527.74,31305.11,25835372065.0,1652598000
1337,31304.38,31305.34,29251.88,29862.92,32613897286.0,1652684400
1338,29862.41,30694.49,29570.3,30425.86,29101473475.0,1652770800
1339,30424.48,30618.72,28720.27,28720.27,31285268319.0,1652857200
1340,28720.36,30430.75,28708.96,30314.33,33773447707.0,1652943600
1341,30311.12,30664.98,28793.61,29200.74,30749382605.0,1653030000
1342,29199.86,29588.87,29027.39,29432.23,17274840442.0,1653116400
1343,29432.47,30425.86,29275.18,30323.72,21631532270.0,1653202800
1344,30309.4,30590.59,28975.56,29098.91,31483454557.0,1653289200
1345,29101.13,29774.36,28786.59,29655.59,26616506245.0,1653375600
1346,29653.13,30157.79,29384.95,29562.36,27525063551.0,1653462000
1347,29564.78,29834.16,28261.91,29267.22,36774325352.0,1653548400
1348,29251.14,29346.94,28326.61,28627.57,36582005748.0,1653634800
1349,28622.63,28814.9,28554.57,28814.9,35519577634.0,1653721200
1350,29019.87,29498.01,28841.11,29445.96,18093886409.0,1653807600
1351,29443.37,31949.63,29303.57,31726.39,39277993274.0,1653894000
1352,31723.87,32249.86,31286.15,31792.31,33538210634.0,1653980400
1353,31792.55,31957.29,29501.59,29799.08,41135817341.0,1654066800
1354,29794.89,30604.73,29652.71,30467.49,29083562061.0,1654153200
1355,30467.81,30633.04,29375.69,29704.39,26175547452.0,1654239600
1356,29706.14,29930.56,29500.01,29832.91,16588370958.0,1654326000
1357,29835.12,30117.74,29574.45,29906.66,17264085441.0,1654412400
1358,29910.28,31693.29,29894.19,31370.67,31947336829.0,1654498800
1359,31371.74,31489.68,29311.68,31155.48,40770974039.0,1654585200
1360,31151.48,31253.69,29944.4,30214.36,30242059107.0,1654671600
1361,30215.28,30609.31,30020.27,30112.0,21692004719.0,1654758000
1362,30110.33,30245.81,28978.15,29083.8,29867476527.0,1654844400
1363,29084.67,29401.92,28236.21,28360.81,27246574439.0,1654930800
1364,28373.51,28502.69,26762.65,26762.65,34163220274.0,1655017200
1365,26737.58,26795.59,22141.26,22487.39,68204556440.0,1655103600
1366,22487.99,23018.95,20950.82,22206.79,50913575242.0,1655190000
1367,22196.73,22642.67,20178.38,22572.84,54912007015.0,1655276400
1368,22576.3,22868.92,20265.23,20381.65,31183975654.0,1655362800
1369,20385.72,21243.31,20326.52,20471.48,27132421514.0,1655449200
1370,20473.43,20736.04,17708.62,19017.64,42009436760.0,1655535600
1371,19010.9,20683.82,18067.15,20553.27,35329942625.0,1655622000
1372,20553.37,20913.32,19689.17,20599.54,30818458597.0,1655708400
1373,20594.29,21620.63,20415.06,20710.6,28970212744.0,1655794800
1374,20719.41,20835.75,19848.08,19987.03,28574793478.0,1655881200
1375,19986.61,21135.76,19950.12,21085.88,26188097173.0,1655967600
1376,21084.65,21472.92,20777.51,21231.66,24957784918.0,1656054000
1377,21233.61,21520.91,20964.59,21502.34,18372538715.0,1656140400
1378,21496.49,21783.72,21016.27,21027.29,18027170497.0,1656226800
1379,21028.24,21478.09,20620.2,20735.48,20965695707.0,1656313200
1380,20731.54,21164.42,20228.81,20280.63,21381535161.0,1656399600
1381,20281.17,20364.16,19937.79,20104.02,23552740328.0,1656486000
1382,20108.31,20141.16,18729.66,19784.73,26267239923.0,1656572400
1383,19820.47,20632.67,19073.71,19269.37,30767551159.0,1656658800
1384,19274.84,19371.75,19027.08,19242.26,18100418740.0,1656745200
1385,19242.1,19558.27,18966.95,19297.08,16390821947.0,1656831600
1386,19297.31,20258.75,19063.07,20231.26,21594638208.0,1656918000
1387,20225.35,20635.47,19341.23,20190.12,26715546990.0,1657004400
1388,20194.62,20595.53,19823.51,20548.25,24598943708.0,1657090800
1389,20547.81,21771.82,20296.1,21637.59,25814972520.0,1657177200
1390,21637.15,22314.94,21257.45,21731.12,49899834488.0,1657263600
1391,21716.83,21877.14,21445.96,21592.21,29641127858.0,1657350000
1392,21591.08,21591.08,20727.12,20860.45,28688807249.0,1657436400
1393,20856.35,20856.35,19924.54,19970.56,24150249025.0,1657522800
1394,19970.47,20043.45,19308.53,19323.91,25810220018.0,1657609200
1395,19325.97,20223.05,18999.95,20212.07,33042430345.0,1657695600
1396,20211.47,20789.89,19689.26,20569.92,31158743333.0,1657782000
1397,20573.16,21138.24,20397.0,20836.33,25905575359.0,1657868400
1398,20834.1,21514.4,20518.9,21190.32,24302954056.0,1657954800
1399,21195.04,21600.64,20778.18,20779.34,22927802083.0,1658041200
1400,20781.91,22633.03,20781.91,22485.69,39974475562.0,1658127600
1401,22467.85,23666.96,21683.41,23389.43,48765202697.0,1658214000
1402,23393.19,24196.82,23009.95,23231.73,42932549127.0,1658300400
1403,23233.2,23388.32,22431.15,23164.63,33631012204.0,1658386800
1404,23163.75,23671.93,22603.42,22714.98,31421555646.0,1658473200
1405,22706.98,22977.21,22002.91,22465.48,24021799169.0,1658559600
1406,22465.51,22974.0,22306.84,22609.16,23565495303.0,1658646000
1407,22607.16,22649.12,21361.64,21361.7,35574561406.0,1658732400
1408,21361.12,21361.12,20776.82,21239.75,28624673855.0,1658818800
1409,21244.17,22986.53,21070.81,22930.55,31758955233.0,1658905200
1410,22933.64,24110.47,22722.27,23843.89,40212386158.0,1658991600
1411,23845.21,24294.79,23481.17,23804.63,35887249746.0,1659078000
1412,23796.82,24572.58,23580.51,23656.21,28148218301.0,1659164400
1413,23652.07,24121.64,23275.7,23336.9,23553591896.0,1659250800
1414,23336.72,23464.79,22890.8,23314.2,25849159141.0,1659337200
1415,23308.43,23415.04,22710.08,22978.12,28389250717.0,1659423600
1416,22981.3,23578.65,22747.84,22846.51,26288169966.0,1659510000
1417,22848.21,23198.01,22485.7,22630.96,25120229769.0,1659596400
1418,22626.83,23422.83,22612.18,23289.31,28881249043.0,1659682800
1419,23291.42,23326.56,22961.28,22961.28,15978259885.0,1659769200
1420,22963.51,23359.01,22894.56,23175.89,15886817043.0,1659855600
1421,23179.53,24203.69,23176.55,23809.49,28575544847.0,1659942000
1422,23811.48,23898.62,22982.0,23164.32,23555719219.0,1660028400
1423,23162.9,24127.41,22771.52,23947.64,32837431722.0,1660114800
1424,23948.35,24822.63,23901.0,23957.53,37127036580.0,1660201200
1425,23957.2,24412.57,23657.27,24402.82,27265804688.0,1660287600
1426,24402.19,24860.05,24346.12,24424.07,22987346289.0,1660374000
1427,24429.06,24974.91,24206.26,24319.33,22994133555.0,1660460400
1428,24318.32,25135.59,23839.78,24136.97,35123501685.0,1660546800
1429,24126.14,24228.42,23733.5,23883.29,27753685646.0,1660633200
1430,23881.32,24407.06,23243.35,23336.0,30931623076.0,1660719600
1431,23341.04,23563.83,23177.6,23212.74,23747613147.0,1660806000
1432,23213.31,23213.31,20868.85,20877.55,40509610260.0,1660892400
1433,20872.84,21350.81,20856.73,21166.06,27595671000.0,1660978800
1434,21160.39,21668.85,21103.2,21534.12,23102307723.0,1661065200
1435,21531.46,21531.46,20939.18,21398.91,31666498758.0,1661151600
1436,21401.04,21646.2,20955.14,21528.09,31878280659.0,1661238000
1437,21526.46,21783.08,21195.01,21395.02,31962253368.0,1661324400
1438,21395.46,21789.64,21362.44,21600.9,31028679593.0,1661410800
1439,21596.09,21804.91,20199.48,20260.02,42326789564.0,1661497200
1440,20262.48,20340.78,19890.52,20041.74,30116729776.0,1661583600
1441,20041.04,20139.05,19616.81,19616.81,24366810591.0,1661670000
1442,19615.15,20357.46,19600.79,20297.99,32637854078.0,1661756400
1443,20298.61,20542.64,19617.64,19796.81,34483360283.0,1661842800
1444,19799.58,20420.99,19799.58,20049.76,33225232872.0,1661929200
1445,20050.5,20198.39,19653.97,20127.14,30182031010.0,1662015600
1446,20126.07,20401.57,19814.77,19969.77,29123998928.0,1662102000
1447,19969.72,20037.01,19698.36,19832.09,23613051457.0,1662188400
1448,19832.47,19999.69,19636.82,19986.71,25245861652.0,1662274800
1449,19988.79,20031.16,19673.05,19812.37,28813460025.0,1662361200
1450,19817.72,20155.27,18800.17,18837.67,43403978910.0,1662447600
1451,18837.68,19427.17,18644.47,19290.32,35239757134.0,1662534000
1452,19289.94,19417.35,19076.71,19329.83,32194477850.0,1662620400
1453,19328.14,21439.41,19310.96,21381.15,48469528171.0,1662706800
1454,21376.91,21760.28,21168.72,21680.54,36913738894.0,1662793200
1455,21678.54,21770.55,21406.95,21769.26,34493951963.0,1662879600
1456,21770.15,22439.18,21603.9,22370.45,50212088965.0,1662966000
1457,22371.48,22673.82,20062.67,20296.71,51091116622.0,1663052400
1458,20184.55,20467.2,19793.4,20241.09,37872380889.0,1663138800
1459,20242.29,20318.17,19636.73,19701.21,36389011503.0,1663225200
1460,19704.01,19870.63,19400.08,19772.58,30123362273.0,1663311600
